INSERT INTO public.shops (id, city, postcode, street_1, street_2, iot_certificate) VALUES
        (1, 'Berlin', '10115', 'Alexanderplatz 3', '', ''),
        (2, 'Munich', '80331', 'Marienplatz 22', '', ''),
        (3, 'Hamburg', '20095', 'Jungfernstieg 16-20', 'Passagehof 2', '');

insert into public.pos_devices (id, shop_id, serial, iot_certificate) values
        (1, 1, 'shop1-dev1', ''),
        (2, 2, 'shop2-dev1', ''),
        (3, 3, 'shop3-dev1', '');
    
INSERT INTO public.employees (id, primary_shop_id, name, card_id)
VALUES 
        (1, 2, 'Anna Schmidt', 1234),
        (2, 1, 'Max Müller', 5678),
        (3, 3, 'Sabine Fischer', 9012),
        (4, 2, 'Markus Wagner', 3456),
        (5, 1, 'Julia Becker', 7890),
        (6, 3, 'Tobias Schulz', 2345),
        (7, 2, 'Laura Berger', 6789),
        (8, 1, 'Johannes Bauer', 9012),
        (9, 3, 'Nina Schäfer', 3956),
        (10, 2, 'Felix Koch', 7890),
        (11, 1, 'Caroline Lange', 2305),
        (12, 3, 'Sebastian Braun', 6789),
        (13, 2, 'Lena Meier', 9032),
        (14, 1, 'Simon Schmitt', 3416),
        (15, 3, 'Marie Mayer', 7890),
        (16, 2, 'Julia Schneider', 9234),
        (17, 1, 'Liam Johnson', 6781),
        (18, 3, 'Elena Ivanova', 2056),
        (19, 2, 'Franziska Becker', 7592),
        (20, 1, 'Lars Hansen', 3469),
        (21, 3, 'Marta Kowalska', 8117),
        (22, 2, 'Javier Rodriguez', 1935),
        (23, 1, 'Kim Nguyen', 8264),
        (24, 3, 'Sara Gomez', 3276),
        (25, 2, 'Kai Nakamura', 5180),
        (26, 1, 'Sophie Dupont', 2679),
        (27, 3, 'Muhammad Ali Khan', 9245),
        (28, 2, 'Nina Müller', 6345),
        (29, 1, 'Oliver Schmidt', 1287),
        (30, 3, 'Jasmine Lee', 7129);
    
INSERT INTO public.customers (id, name, card_id, street_1, street_2, postcode, city, discount) VALUES
        (1, 'Hans Müller', 123456, 'Musterstraße 1', NULL, '10115', 'Berlin', 5),
        (2, 'Anna Schmidt', 234567, 'Lindenstraße 15', NULL, '40233', 'Düsseldorf', 0),
        (3, 'Maximilian Wagner', 345678, 'Hauptstraße 47', 'Apt 5', '80331', 'München', 10),
        (4, 'Marie Weber', 456789, 'Schloßstraße 17', NULL, '12163', 'Berlin', 0),
        (5, 'Felix Schmitz', 567890, 'Bahnhofstraße 2', NULL, '53113', 'Bonn', 0),
        (6, 'Leonie Schulz', 678901, 'Friedrichstraße 37', NULL, '66111', 'Saarbrücken', 8),
        (7, 'Sebastian Krause', 789012, 'Heinrich-Heine-Straße 29', NULL, '01067', 'Dresden', 0),
        (8, 'Julia Lehmann', 890123, 'Königsallee 15', 'Apt 10', '40212', 'Düsseldorf', 0),
        (9, 'Tobias Maier', 901234, 'Kaiserstraße 21', NULL, '60311', 'Frankfurt am Main', 3),
        (10, 'Sarah Bauer', 012345, 'Luisenplatz 12', NULL, '64283', 'Darmstadt', 0),
        (11, 'Sophie Fischer', 123123, 'Münsterstraße 12', NULL, '48155', 'Münster', 0),
        (12, 'Benjamin Hartmann', 234234, 'Hohenzollernring 16', NULL, '50672', 'Köln', 5),
        (13, 'Emily Schulz', 345345, 'Maxstraße 7', NULL, '80798', 'München', 0),
        (14, 'Lukas Berger', 456456, 'Rheinstraße 8', 'Apt 3', '55116', 'Mainz', 3),
        (15, 'Laura Schröder', 567567, 'Hermannstraße 17', NULL, '12049', 'Berlin', 0),
        (16, 'Simon Keller', 678678, 'Burgstraße 17', 'Apt 7', '01067', 'Dresden', 0),
        (17, 'Jana Krause', 789789, 'Albertstraße 25', NULL, '01097', 'Dresden', 10),
        (18, 'Paula Vogel', 890890, 'Kaiser-Wilhelm-Ring 22', NULL, '50672', 'Köln', 0),
        (19, 'Robin Braun', 901901, 'Bahnhofstraße 9', NULL, '35037', 'Marburg', 0),
        (20, 'Sara Schumacher', 012012, 'Rathausplatz 4', NULL, '35390', 'Gießen', 15),
        (21, 'Melanie Hoffmann', 123321, 'Hohenzollerndamm 11', NULL, '14163', 'Berlin', 0),
        (22, 'Kevin Werner', 234432, 'Hauptstraße 12', NULL, '85521', 'Ottobrunn', 5),
        (23, 'Lena Schreiber', 345543, 'Marktstraße 23', NULL, '37073', 'Göttingen', 0),
        (24, 'David Weber', 456654, 'Wittelsbacherstraße 18', 'Apt 3', '80538', 'München', 3),
        (25, 'Hannah Schmitt', 567765, 'Nordstraße 2', NULL, '80801', 'München', 0),
        (26, 'Janina Schröder', 678876, 'Königsallee 60', NULL, '40212', 'Düsseldorf', 0),
        (27, 'Marco Krause', 789987, 'Bergstraße 11', NULL, '01067', 'Dresden', 0),
        (28, 'Nina Vogel', 890098, 'Biegenstraße 11', NULL, '35037', 'Marburg', 10),
        (29, 'Patrick Braun', 901109, 'Lindenstraße 4', NULL, '65189', 'Wiesbaden', 0),
        (30, 'Vanessa Schumacher', 012210, 'Hauptplatz 2', NULL, '68723', 'Schwetzingen', 0),
        (31, 'Andreas Mayer', 123454, 'Münsterstraße 56', NULL, '44145', 'Dortmund', 0),
        (32, 'Bianca Berger', 234565, 'Schillerstraße 2', NULL, '80336', 'München', 5),
        (33, 'Clemens Bauer', 345676, 'Eifelstraße 6', NULL, '54516', 'Wittlich', 0),
        (34, 'Diana Huber', 456787, 'Trierer Straße 23', NULL, '54296', 'Trier', 7),
        (35, 'Emre Demir', 567898, 'Kurfürstendamm 5', NULL, '10719', 'Berlin', 0),
        (36, 'Fiona Wolf', 678909, 'Löwenstraße 12', 'Apt 5', '60313', 'Frankfurt am Main', 0),
        (37, 'Gunnar König', 789010, 'August-Bebel-Straße 8', NULL, '14482', 'Potsdam', 0),
        (38, 'Hannah Berger', 890121, 'Bamberger Straße 12', NULL, '96050', 'Bamberg', 0),
        (39, 'Ingo Haas', 901232, 'Mühlenstraße 14', NULL, '44135', 'Dortmund', 0),
        (40, 'Jana Richter', 012343, 'Im Lipperfeld 14', NULL, '46047', 'Oberhausen', 0),
        (41, 'Karen Kim', 123454, 'Augustenstraße 15', NULL, '80333', 'München', 0),
        (42, 'Lena Schmitz', 234565, 'Feldstraße 1', NULL, '66119', 'Saarbrücken', 0),
        (43, 'Michelle Lee', 345676, 'Bahrenfelder Straße 157', NULL, '22765', 'Hamburg', 10),
        (44, 'Nora Müller', 456787, 'Herrmannstraße 25', NULL, '70178', 'Stuttgart', 0),
        (45, 'Oliver Hernandez', 567898, 'Rheinallee 50', NULL, '55116', 'Mainz', 0),
        (46, 'Peter Chen', 678909, 'Hauptstraße 22', NULL, '50676', 'Köln', 5),
        (47, 'Qian Li', 789010, 'Schillerplatz 4', NULL, '10179', 'Berlin', 0),
        (48, 'Rahul Sharma', 890121, 'Rathausstraße 25', NULL, '40213', 'Düsseldorf', 0),
        (49, 'Samantha Smith', 901232, 'Luisenstraße 19', NULL, '64283', 'Darmstadt', 0),
        (50, 'Timo Fischer', 012343, 'Friedhofstraße 5', NULL, '33602', 'Bielefeld', 0),
        (51, 'Ursula Vogt', 123454, 'Kurze Straße 8', NULL, '40213', 'Düsseldorf', 0),
        (52, 'Victor Martinez', 234565, 'Reichenberger Straße 3', NULL, '10999', 'Berlin', 15),
        (53, 'Wilhelm Schumacher', 345676, 'Steinstraße 43', NULL, '76133', 'Karlsruhe', 0),
        (54, 'Xander van der Meer', 456787, 'Friedrichstraße 39', NULL, '10117', 'Berlin', 0),
        (55, 'Yara Hassan', 567898, 'Am Wall 201', NULL, '28195', 'Bremen', 0),
        (56, 'Zachary Wright', 678909, 'Leopoldstraße 50', NULL, '80802', 'München', 20),
        (57, 'Alexandra Fischer', 789010, 'Gutenbergstraße 14', NULL, '30163', 'Hannover', 0),
        (58, 'Benjamin Lee', 890121, 'Schloßstraße 9', NULL, '12163', 'Berlin', 5),
        (59, 'Claudia Schmidt', 901232, 'Altenastraße 34', NULL, '44143', 'Dortmund', 0),
        (60, 'Daniel Kim', 012343, 'Marschnerstraße 17', NULL, '22081', 'Hamburg', 0),
        (61, 'Ravi Singh', 898544, 'Hauptstr. 12', NULL, '10115', 'Berlin', 5),
        (62, 'Lina Müller', 987421, 'Waldweg 5', NULL, '90431', 'Nürnberg', 0),
        (63, 'Anna Smith', 732856, 'Pappelallee 27', NULL, '10437', 'Berlin', 0),
        (64, 'Johannes Schmidt', 983465, 'Schwanthaler Str. 41', NULL, '80336', 'München', 2),
        (65, 'Sara Garcia', 641223, 'Götgatan 67', 'Lgh 1204', '11620', 'Stockholm', 0),
        (66, 'Sofie Hansen', 452134, 'Rådhuspladsen 57', NULL, '1550', 'København', 3),
        (67, 'Lukas Müller', 379864, 'Stuttgarter Str. 30', NULL, '70469', 'Stuttgart', 0),
        (68, 'Ahmad Salam', 894562, 'Karl-Liebknecht-Str. 7', NULL, '10178', 'Berlin', 0),
        (69, 'Ella Brown', 285370, 'Rua Augusta 1234', 'Apto. 56', '01305-100', 'São Paulo', 0),
        (70, 'Andreas Bauer', 345982, 'Hardenbergstr. 12', NULL, '10623', 'Berlin', 0),
        (71, 'Lucia Gomez', 789654, 'Calle Gran Via 123', 'Piso 2B', '28001', 'Madrid', 0),
        (72, 'Karin Svensson', 439027, 'Drottninggatan 12', NULL, '11151', 'Stockholm', 2),
        (73, 'Tom Wilson', 547932, 'Oxford Street 12', NULL, 'W1D 1BR', 'London', 0),
        (74, 'Maja Novak', 689342, 'Cankarjeva cesta 13', NULL, '1000', 'Ljubljana', 0),
        (75, 'Hans Müller', 326597, 'Bahnhofstr. 10', NULL, '53111', 'Bonn', 0),
        (76, 'Sophie Dupont', 547891, 'Rue de Rivoli 5', NULL, '75001', 'Paris', 0),
        (77, 'Katja Schneider', 638479, 'Unter den Linden 1', NULL, '10117', 'Berlin', 5),
        (78, 'Mohamed Ali', 567890, 'Gamla Stan 4', NULL, '11130', 'Stockholm', 0),
        (79, 'Svenja Müller', 792657, 'Königsallee 55', NULL, '40212', 'Düsseldorf', 2),
        (80, 'Jana Novotna', 129843, 'Vaclavske namesti 12', NULL, '11000', 'Prague', 0),
        (81, 'Pablo Rodriguez', 876543, 'Calle de Alcala 23', NULL, '28014', 'Madrid', 0),
        (82, 'Luisa Reiter', 420069, 'Ferrariweg 23', NULL, '33104', 'Paderborn', 10),
        (83, 'Anna Weber', 936358, 'Wilhelm-Busch-Str. 17', 'Apartment 4', '10115', 'Berlin', 0),
        (84, 'Maximilian Becker', 279704, 'Lyoner Str. 34', NULL, '60528', 'Frankfurt am Main', 0),
        (85, 'Maren Krüger', 209435, 'Am Alten Markt 8', NULL, '39104', 'Magdeburg', 0),
        (86, 'Lars Nielsen', 364023, 'Købmagergade 5', NULL, '1150', 'København K', 5),
        (87, 'Emma Schneider', 321995, 'Ludwig-Richter-Str. 32', NULL, '01157', 'Dresden', 10),
        (88, 'Sarah Schmidt', 687521, 'Kollwitzstr. 73', 'Apartment 12', '10435', 'Berlin', 0),
        (89, 'Sophie Kühn', 492104, 'Kirchplatz 8', NULL, '91550', 'Dinkelsbühl', 0),
        (90, 'Alexis Martin', 753695, 'Rue du Faubourg Saint-Honoré 99', NULL, '75008', 'Paris', 15),
        (91, 'Lena Bauer', 820475, 'Reeperbahn 123', 'Apartment 2', '20359', 'Hamburg', 0),
        (92, 'Felix Wolf', 192367, 'Zähringerstr. 34', NULL, '79108', 'Freiburg im Breisgau', 0),
        (93, 'Marius Müller', 532146, 'Düsseldorfer Str. 41', NULL, '10707', 'Berlin', 0),
        (94, 'Svenja Wagner', 146259, 'Färberstr. 32', NULL, '97070', 'Würzburg', 0),
        (95, 'Jana Lehmann', 124877, 'Georg-Schumann-Str. 30', NULL, '04155', 'Leipzig', 0),
        (96, 'Jonathan Klein', 687450, 'Gleimstr. 23', NULL, '10437', 'Berlin', 0),
        (97, 'Janina Maier', 294071, 'Schleiermacherstr. 20', NULL, '10961', 'Berlin', 0),
        (98, 'Steffen Hartmann', 599718, 'Schwachhauser Heerstr. 15', NULL, '28209', 'Bremen', 0),
        (99, 'Jasmin Friedrich', 102563, 'Hauptstr. 41', NULL, '69117', 'Heidelberg', 0),
        (100, 'Mareike Schmitt', 573829, 'An der Hauptwache 11', NULL, '60313', 'Frankfurt am Main', 0),
        (101, 'Emily Nguyen', 472853, 'Am Alten Posthof 5', NULL, '28203', 'Bremen', 0),
        (102, 'Joshua Keller', 682355, 'Neugasse 14', NULL, '8005', 'Zürich', 5),
        (103, 'Anja Schmidt', 428975, 'Kölnstraße 21', NULL, '48268', 'Greven', 0),
        (104, 'Maja Weiß', 841536, 'August-Bebel-Straße 58', NULL, '99423', 'Weimar', 10),
        (105, 'Lisa Müller', 587490, 'Hauptstraße 17', NULL, '76646', 'Bruchsal', 0),
        (106, 'Sofie Bauer', 729801, 'Friedrichstraße 28', '3. Stock', '30159', 'Hannover', 0),
        (107, 'Lara Krüger', 182976, 'Marktplatz 4', NULL, '82256', 'Fürstenfeldbruck', 5),
        (108, 'Marlene Schulze', 614293, 'Rheinstraße 12', NULL, '65929', 'Frankfurt am Main', 0),
        (109, 'Ella König', 481029, 'Schillerstraße 10', NULL, '84032', 'Altdorf bei Nürnberg', 5),
        (110, 'Lea Beck', 256418, 'Friedhofstraße 5', NULL, '55116', 'Mainz', 0),
        (111, 'Hannah Kühn', 981327, 'Hansaring 13', NULL, '50670', 'Köln', 0),
        (112, 'Milan Hahn', 246835, 'Lindwurmstraße 10', NULL, '80337', 'München', 10),
        (113, 'Emilia Wolff', 357124, 'Große Bleichen 21', NULL, '20354', 'Hamburg', 0),
        (114, 'Janneke van der Meulen', 690846, 'Keizersgracht 24', '2nd floor', '1015 CR', 'Amsterdam', 0),
        (115, 'Sophie Dubois', 927145, 'Avenue des Ternes 42', NULL, '75017', 'Paris', 5),
        (116, 'Anna Petrova', 365814, 'Tverskaya Ulitsa 8', '3 этаж', '125009', 'Moscow', 0),
        (117, 'Lena Schmidt', 789402, 'Unter den Linden 15', NULL, '10117', 'Berlin', 0),
        (118, 'Sophie Becker', 156841, 'Hauptstraße 7', NULL, '24647', 'Wasbek', 5),
        (119, 'Lina Schulz', 323548, 'Hans-Böckler-Straße 5', NULL, '69115', 'Heidelberg', 0),
        (120, 'Sarah Wagner', 438127, 'Röntgenstraße 15', NULL, '64807', 'Dieburg', 10),
        (121, 'Hannes Schuster', 189726, 'Kirchplatz 1', NULL, '67245', 'Lambsheim', 0),
        (122, 'Emilie Vogel', 558931, 'Sulzbachstraße 4', NULL, '94315', 'Straubing', 0),
        (123, 'Sofia Schreiber', 872916, 'August-Bebel-Straße 21', NULL, '99423', 'Weimar', 0),
        (124, 'Maximilian Zimmermann', 128776, 'Am Dornbusch 2', NULL, '61348', 'Bad Homburg', 5),
        (125, 'Elias Keller', 262883, 'Klosterstraße 1', NULL, '06862', 'Dessau-Roßlau', 0),
        (126, 'Linda Kuhn', 576920, 'Rehstraße 8', NULL, '67227', 'Frankenthal', 0),
        (127, 'Friederike Schumacher', 464583, 'Marktplatz 2', NULL, '86420', 'Diedorf', 0),
        (128, 'Antonio Montoya', 372105, 'Calle de Alcalá 89', NULL, '28009', 'Madrid', 0),
        (129, 'Mia Ritter', 652187, 'Gottlieb-Daimler-Straße 12', NULL, '68519', 'Viernheim', 0),
        (130, 'Tom Krüger', 582408, 'Friedrichstraße 5', NULL, '79650', 'Schopfheim', 0),
        (131, 'Lena Hartmann', 979843, 'Kastanienallee 7', NULL, '64521', 'Groß-Gerau', 0),
        (132, 'Lucas Krause', 278327, 'Marienplatz 10', NULL, '80331', 'München', 0),
        (133, 'Maya Fischer', 621674, 'Bürgermeister-Wegele-Straße 12', NULL, '87435', 'Kempten', 0),
        (134, 'Oscar Weber', 437650, 'Friedhofstraße 19', NULL, '65549', 'Limburg an der Lahn', 0),
        (135, 'Amina Schneider', 739160, 'Kirchstraße 3', NULL, '59423', 'Unna', 5),
        (136, 'Jannik Lange', 215365, 'Bahnhofstraße 10', NULL, '37520', 'Osterode am Harz', 0),
        (137, 'Marvin Manymeyer', 420420, 'Holzweg 187', NULL, '68159', 'Mannheim', 8),
        (138, 'Sophia Schmidt', 984523, 'Schlossstr. 2', NULL, 12163, 'Berlin', 0),
        (139, 'Mia Weber', 789654, 'Mozartstr. 15', NULL, 81675, 'München', 5),
        (140, 'Hannah Klein', 345218, 'Schulstraße 23', NULL, 21244, 'Buchholz in der Nordheide', 0),
        (141, 'Alexander Richter', 675321, 'Hauptstraße 12', 'Aufgang 3, 1. Stock', 90763, 'Fürth', 0),
        (142, 'Noah Schmitt', 259647, 'Beethovenstr. 7', NULL, 69181, 'Leimen', 0),
        (143, 'Emma Keller', 876532, 'Pestalozzistr. 9', NULL, 14467, 'Potsdam', 3),
        (144, 'Liam Fischer', 321654, 'Rosenweg 2', NULL, 34317, 'Habichtswald', 0),
        (145, 'Marie Meier', 123456, 'Bahnhofstraße 9', NULL, 91710, 'G Gunzenhausen', 0),
        (146, 'Ben Wagner', 456123, 'Theodor-Heuss-Str. 20', NULL, 70174, 'Stuttgart', 0),
        (147, 'Lea Kühn', 654987, 'Schillerstr. 25', NULL, 56068, 'Koblenz', 0),
        (148, 'Elias Schäfer', 789123, 'Marienplatz 4', NULL, 80331, 'München', 0),
        (149, 'Mila Becker', 312546, 'Max-Planck-Str. 4', 'Laden 12', 22765, 'Hamburg', 0),
        (150, 'Lina Wagner', 654123, 'Mittelstraße 13', NULL, 97421, 'Schweinfurt', 0),
        (151, 'Niklas Wolf', 987654, 'Marienplatz 20', NULL, 80331, 'München', 10),
        (152, 'Emilia Zimmermann', 456789, 'Hohenzollernstr. 40', NULL, 80796, 'München', 0),
        (153, 'Finn Braun', 753159, 'Weinbergstr. 12', NULL, 74613, 'Öhringen', 5),
        (154, 'Maja Hofmann', 123789, 'Friedrichstraße 27', NULL, 10117, 'Berlin', 0),
        (155, 'Anton Schubert', 456789, 'Karl-Marx-Str. 14', NULL, 15366, 'Neuenhagen bei Berlin', 0),
        (156, 'Leni Krämer', 789456, 'Am Waldrand 8', NULL, 48308, 'Senden', 0),
        (157, 'Julian Schulz', 654123, 'Tannenweg 3', NULL, 14770, 'Brandenburg', 3),
        (158, 'Jasmin Schulze', 978256, 'Schillerstraße 9', NULL, '31535', 'Neustadt am Rübenberge', 5),
        (159, 'Pascal Schneider', 305684, 'Bismarckstraße 34', NULL, '89077', 'Ulm', 0),
        (160, 'Natalie Weber', 690124, 'Königstraße 12', NULL, '30175', 'Hannover', 3),
        (161, 'Luisa Fuchs', 107290, 'Mühlweg 8', NULL, '38106', 'Braunschweig', 10),
        (162, 'Sophie Hoffmann', 408352, 'Kurt-Schumacher-Straße 18', NULL, '45881', 'Gelsenkirchen', 0),
        (163, 'Anna Schröder', 196430, 'Goethestraße 9', NULL, '50674', 'Köln', 5),
        (164, 'Julia Becker', 977613, 'Uhlandstraße 14', NULL, '10623', 'Berlin', 0),
        (165, 'Lena Hartmann', 544087, 'Eisenacher Straße 39', NULL, '10823', 'Berlin', 0),
        (166, 'Yasin Karaca', 792853, 'Waldstraße 1', NULL, '95463', 'Bindlach', 0),
        (167, 'Jonas Lehmann', 137246, 'Brühlstraße 2', NULL, '85521', 'Ottobrunn', 0),
        (168, 'Isabell Schumacher', 327164, 'Maximilianstraße 32', NULL, '80539', 'München', 8),
        (169, 'Oscar Wolf', 790342, 'Ludwigstraße 12', NULL, '64347', 'Griesheim', 0),
        (170, 'Maya Schmitz', 601930, 'Marienstraße 20', NULL, '26122', 'Oldenburg', 0),
        (171, 'Noah Lange', 220140, 'Berliner Straße 28', NULL, '60311', 'Frankfurt am Main', 0),
        (172, 'Nico Zimmermann', 480875, 'Gartenstraße 4', NULL, '64832', 'Babenhausen', 0),
        (173, 'Selin Özkan', 279100, 'Kölner Straße 10', NULL, '51491', 'Overath', 0),
        (174, 'Sophia Schmitt', 361984, 'Hauptstraße 2', NULL, '67433', 'Neustadt an der Weinstraße', 0),
        (175, 'Johannes Weber', 588596, 'An der Hütte 1', NULL, '71546', 'Aspach', 0),
        (176, 'Marcel Schmitz', 198162, 'Friedhofstraße 10', NULL, '53881', 'Euskirchen', 0),
        (177, 'Lisa Scholz', 915250, 'Alte Landstraße 3', NULL, '80539', 'München', 0),
        (178, 'Niklas Dunst', 983354, 'Marienplatz 25', NULL, 80331, 'München', 10),
        (179, 'Emilia Wagner', 538292, 'Schulstrasse 2', NULL, '51427', 'Bergisch Gladbach', 0),
        (180, 'Maja Böhm', 740578, 'Mühlenweg 15', NULL, '41063', 'Mönchengladbach', 0),
        (181, 'Finn Schmid', 842693, 'Kaiserstrasse 45', NULL, '10787', 'Berlin', 10),
        (182, 'Timothy Hartmann', 309767, 'Hauptstrasse 8', NULL, '76872', 'Freudenburg', 5),
        (183, 'Miriam Hoffmann', 476418, 'Weserstrasse 45', NULL, '12045', 'Berlin', 0),
        (184, 'Mia Heinrich', 915142, 'Ludwigstrasse 27', NULL, '60327', 'Frankfurt am Main', 0),
        (185, 'Theo Dietrich', 176891, 'Friedrichstrasse 102', NULL, '10117', 'Berlin', 0),
        (186, 'Katharina Schmidt', 270973, 'Petersstrasse 2', NULL, '33602', 'Bielefeld', 0),
        (187, 'Oliver Ritter', 797044, 'Am Markt 6', NULL, '24103', 'Kiel', 0),
        (188, 'Frida Petersen', 482269, 'Gartenstrasse 22', NULL, '91054', 'Erlangen', 15),
        (189, 'Jan Schneider', 621554, 'Löwenstrasse 4', NULL, '40211', 'Düsseldorf', 0),
        (190, 'Lena Becker', 373398, 'Hauptstrasse 45', NULL, '68766', 'Hockenheim', 0),
        (191, 'Sophia Jung', 855645, 'Hauptplatz 15', NULL, '1010', 'Wien', 0),
        (192, 'Matthias Schubert', 941952, 'Friedrichstrasse 7', NULL, '10969', 'Berlin', 5),
        (193, 'Laura Seidel', 156873, 'Gartenstrasse 12', NULL, '69469', 'Weinheim', 0),
        (194, 'Hanna Röder', 349180, 'Königstrasse 8', NULL, '70173', 'Stuttgart', 0),
        (195, 'Nils Kuhn', 282290, 'Goethestrasse 34', NULL, '48145', 'Münster', 0),
        (196, 'Alina Mayer', 516890, 'Buchenweg 12', NULL, '84326', 'Falkenberg', 0),
        (197, 'Tom Krüger', 877882, 'Kaiserallee 41', NULL, '76133', 'Karlsruhe', 0),
        (198, 'Leah Walter', 392014, 'Bahnhofstrasse 22', NULL, '79822', 'Titisee-Neustadt', 0),
        (199, 'Julia Sauer', 592461, 'Kirchplatz 5', NULL, '63846', 'Laufach', 0),
        (200, 'Madison Walter', 392032, 'Waldweg 12', NULL, '79822', 'Titisee-Neustadt', 0),
        (201, 'Marlene Schulz', 934281, 'Bärenstraße 11', NULL, '29223', 'Celle', 5),
        (202, 'Ingrid Müller', 891736, 'Rothenbaumchaussee 3', NULL, '20148', 'Hamburg', 0),
        (203, 'Jana Wolf', 719934, 'Kunibertstraße 7', NULL, '50668', 'Köln', 10),
        (204, 'Anna Wagner', 447672, 'Auerbachstraße 27', NULL, '14193', 'Berlin', 0),
        (205, 'Linda Becker', 498156, 'Hölderlinstraße 19', NULL, '70771', 'Leinfelden-Echterdingen', 0),
        (206, 'Mareike Schmidt', 113868, 'Schloßstraße 1', NULL, '50321', 'Brühl', 8),
        (207, 'Anja Schneider', 890740, 'Kirchplatz 2', NULL, '97711', 'Maßbach', 0),
        (208, 'Heike Meier', 472110, 'Herzog-Wilhelm-Straße 1', NULL, '80331', 'München', 0),
        (209, 'Kirsten Hoffmann', 938631, 'Hüttenstraße 45', NULL, '40215', 'Düsseldorf', 0),
        (210, 'Svenja Fischer', 107686, 'Lilienweg 10', NULL, '60487', 'Frankfurt am Main', 5),
        (211, 'Emma Bauer', 590032, 'Maximilianstraße 35', NULL, '67346', 'Speyer', 3),
        (212, 'Sophie König', 784809, 'Kapuzinerplatz 10', NULL, '80337', 'München', 0),
        (213, 'Miriam Hoffmann', 216423, 'Hauptstraße 7', NULL, '51399', 'Burscheid', 0),
        (214, 'Vanessa Becker', 517106, 'Schleißheimer Straße 83', NULL, '80797', 'München', 0),
        (215, 'Elisabeth Vogt', 581064, 'Obermarkt 13', NULL, '08359', 'Breitenbrunn/Erzgeb.', 0),
        (216, 'Sabrina Schulz', 356824, 'Karl-Marx-Straße 24', NULL, '15732', 'Schulzendorf', 0),
        (217, 'Anne Krüger', 163949, 'Birkenstraße 11', NULL, '51371', 'Leverkusen', 0),
        (218, 'Lara Kuhn', 835972, 'An der Abtei 1', NULL, '48336', 'Sassenberg', 0),
        (219, 'Kathrin Schmitt', 332877, 'Büchsenstraße 19', NULL, '70173', 'Stuttgart', 0),
        (220, 'Jessica Berger', 686172, 'Wasserkuppe 2', NULL, '36129', 'Gersfeld (Rhön)', 0),
        (221, 'Friedrich Schmitz', 191722, 'Mendelssohnstraße 33', NULL, '28203', 'Bremen', 0),
        (222, 'Charlotte Müller', 345578, 'Kurt-Schumacher-Straße 1', NULL, '53113', 'Bonn', 0),
        (223, 'Tom Johnson', 771309, 'Alte Gärtnerei 6', NULL, '70567', 'Stuttgart', 10),
        (224, 'Elisa Hofmann', 810231, 'Mühlgasse 2', NULL, '53111', 'Bonn', 5),
        (225, 'Ralph Wagner', 302187, 'Elisabethstraße 12', NULL, '50674', 'Köln', 0),
        (226, 'Mohammed Ahmed', 401335, 'Zingster Straße 5', NULL, '13051', 'Berlin', 0),
        (227, 'Lea Meier', 736287, 'Kornhausplatz 5', NULL, '9000', 'St. Gallen', 0),
        (228, 'Lars Nielsen', 621976, 'Kampstraße 47', NULL, '48147', 'Münster', 10),
        (229, 'Susanne Schmidt', 249874, 'Untere Weinbergstraße 1', NULL, '70499', 'Stuttgart', 0),
        (230, 'Carlos Mendez', 823921, 'Hohenzollernstraße 45', NULL, '75177', 'Pforzheim', 0),
        (231, 'Linda Wong', 107601, 'Karl-Liebknecht-Straße 32', NULL, '10178', 'Berlin', 5),
        (232, 'Emre Güzel', 291057, 'Schönbacher Straße 6', NULL, '97074', 'Würzburg', 0),
        (233, 'Evelyn Bauer', 490755, 'Schloßplatz 9', NULL, '92637', 'Weiden', 5),
        (234, 'Nils Hansen', 801538, 'Berliner Straße 28', NULL, '63263', 'Neu-Isenburg', 0),
        (235, 'Caitlin Smith', 581619, 'Hochstraße 51', NULL, '45894', 'Gelsenkirchen', 10),
        (236, 'Tobias Becker', 900230, 'Rathausplatz 1', NULL, '26122', 'Oldenburg', 0),
        (237, 'Julia Schmidt', 445141, 'Lise-Meitner-Straße 11', NULL, '85748', 'Garching bei München', 0),
        (238, 'João Santos', 653783, 'Avenida do Brasil 25', NULL, '2780-038', 'Oeiras', 0),
        (239, 'Simon Baker', 571921, 'Hauptstraße 5', NULL, '40699', 'Erkrath', 5),
        (240, 'Jasmin Müller', 752234, 'Hofackerstraße 10', NULL, '70173', 'Stuttgart', 0),
        (241, 'Sophie Dubois', 394521, 'Rue de Avia 3', NULL, '75001', 'Paris', 0),
        (242, 'Julia Schmidt', 293455, 'Bahnstraße 23', NULL, '59387', 'Ascheberg', 0),
        (243, 'Sophie Weber', 947124, 'Niedernstraße 42', NULL, '33602', 'Bielefeld', 0),
        (244, 'Lukas Fischer', 604536, 'Kieferngasse 8', NULL, '32756', 'Detmold', 0),
        (245, 'Jana Hartmann', 809131, 'Blumenstraße 14', NULL, '33098', 'Paderborn', 10),
        (246, 'Cassandra Müller', 212734, 'Alte Dorfstraße 18', NULL, '33659', 'Bielefeld', 0),
        (247, 'Liam Davis', 632050, 'Bachstraße 31', NULL, '59457', 'Werl', 5),
        (248, 'Sophia Wilson', 778374, 'Eschenweg 7', NULL, '33154', 'Salzkotten', 0),
        (249, 'Noah Jackson', 452611, 'Ahornweg 2', NULL, '48145', 'Münster', 10),
        (250, 'Hannah Martin', 182640, 'Waldweg 19', NULL, '59423', 'Unna', 0),
        (251, 'Emilie Wagner', 431308, 'Mühlenweg 5', NULL, '59069', 'Hamm', 0),
        (252, 'Levi Mayer', 328179, 'Kastanienallee 29', NULL, '32584', 'Löhne', 5),
        (253, 'Lotte Huber', 613990, 'Im Winkel 6', NULL, '33154', 'Salzkotten', 0),
        (254, 'Johannes Becker', 813957, 'Im Bruch 9', NULL, '59469', 'Ense', 0),
        (255, 'Lena Schulz', 121615, 'Im Sacke 22', NULL, '59494', 'Soest', 0),
        (256, 'Ella Sommer', 943087, 'Im Brühl 16', NULL, '33397', 'Rietberg', 0),
        (257, 'Mia Winter', 221115, 'Im Wiesengrund 18', NULL, '32756', 'Detmold', 5),
        (258, 'Lars Krüger', 418286, 'Am Sportplatz 13', NULL, '32756', 'Detmold', 0),
        (259, 'Alina Hoffmann', 949625, 'Bergstraße 3', NULL, '33334', 'Gütersloh', 0),
        (260, 'Jannis Schäfer', 784345, 'Drosselweg 7', NULL, '33758', 'Schloß Holte-Stukenbrock', 0),
        (261, 'Lina Bauer', 383578, 'Erlenweg 8', NULL, '59368', 'Werbung', 0),
        (262, 'Tom Sommer', 882471, 'Fliederstraße 2', NULL, '59069', 'Hamm', 10),
        (263, 'Tom Schneider', 579584, 'Adenauerallee 7', NULL, '53111', 'Bonn', 0),
        (264, 'Sophie Bergmann', 874503, 'Löwenstraße 42', NULL, '76135', 'Karlsruhe', 0),
        (265, 'Jonas Huber', 331499, 'Marienplatz 10', NULL, '80331', 'München', 0),
        (266, 'Hannah Schmidt', 688762, 'Hans-Sachs-Straße 1', NULL, '80469', 'München', 5),
        (267, 'Jens Klein', 983200, 'Marienplatz 12', NULL, '80331', 'München', 0),
        (268, 'Sarah Wolf', 246925, 'Goethestraße 28', NULL, '80336', 'München', 0),
        (269, 'Robert Koch', 567858, 'Friedrichstraße 53', NULL, '10117', 'Berlin', 0),
        (270, 'Lea Werner', 756031, 'Markt 1', NULL, '04109', 'Leipzig', 0),
        (271, 'Felix Mayer', 147816, 'Hauptstraße 9', NULL, '69117', 'Heidelberg', 0),
        (272, 'Lena Berger', 637236, 'Hansaring 97', NULL, '50670', 'Köln', 0),
        (273, 'Maximilian Schulz', 821328, 'Rathausstraße 3', NULL, '48143', 'Münster', 0),
        (274, 'Laura Braun', 204670, 'Kaiserswerther Straße 215', NULL, '40474', 'Düsseldorf', 0),
        (275, 'Nico Richter', 445168, 'Heinrich-Heine-Allee 16', NULL, '40213', 'Düsseldorf', 0),
        (276, 'Julia Keller', 725147, 'Bismarckstraße 23', NULL, '10625', 'Berlin', 0),
        (277, 'David Frank', 990734, 'Hansaring 97', NULL, '50670', 'Köln', 0),
        (278, 'Sophia Meier', 366282, 'Rheinstraße 45', NULL, '55116', 'Mainz', 0),
        (279, 'Dominik Braun', 647231, 'Ludwigstraße 23', NULL, '80639', 'München', 0),
        (280, 'Anna Mayer', 219360, 'Karl-Liebknecht-Straße 29', NULL, '10178', 'Berlin', 0),
        (281, 'Benjamin Beck', 575200, 'Köpenicker Straße 76', NULL, '10179', 'Berlin', 0),
        (282, 'Katharina Vogt', 885758, 'Fritz-Reuter-Straße 21', NULL, '17489', 'Greifswald', 0),
        (283, 'Nadja Schumacher', 923470, 'Klostergang 5', NULL, '91207', 'Lauf an der Pegnitz', 5),
        (284, 'Jörg Scholz', 869425, 'Brandenburgische Str. 12', NULL, '10713', 'Berlin', 0),
        (285, 'Céline Weiß', 259138, 'Wörthstr. 13', NULL, '85072', 'Eichstätt', 0),
        (286, 'Gisela Meier', 967327, 'Johannesgasse 3', NULL, '84028', 'Landshut', 0),
        (287, 'Dorothea Huber', 273915, 'Meisenweg 20', NULL, '69190', 'Walldorf', 3),
        (288, 'Simon Braun', 437091, 'Mühlgraben 5', NULL, '95632', 'Wunsiedel', 0),
        (289, 'Sebastian Vogel', 576938, 'Meisenweg 20', NULL, '69190', 'Walldorf', 10),
        (290, 'Jasmin Wolf', 709548, 'Wacholderweg 7', NULL, '76456', 'Kuppenheim', 0),
        (291, 'Anna Becker', 390285, 'Blumenstr. 5', NULL, '86199', 'Augsburg', 0),
        (292, 'Luca Schmidt', 817635, 'Bahnhofstraße 32', NULL, '63808', 'Haibach', 0),
        (293, 'Peter Zimmermann', 964007, 'Klosterstr. 15', NULL, '92224', 'Amberg', 0),
        (294, 'Katarina Gruber', 787469, 'Gerwigstr. 12', NULL, '76131', 'Karlsruhe', 0),
        (295, 'Natalie Kuhn', 342170, 'Karl-Marx-Str. 8', NULL, '09496', 'Marienberg', 0),
        (296, 'Sophie Weber', 471525, 'Mühlweg 8', NULL, '92318', 'Neumarkt in der Oberpfalz', 0),
        (297, 'Ariane Müller', 274038, 'Alpenweg 2', NULL, '86899', 'Landsberg am Lech', 0),
        (298, 'Valerie König', 616008, 'Bürgermeister-Jäger-Str. 10', NULL, '60386', 'Frankfurt am Main', 0),
        (299, 'Jana Keller', 394934, 'Maximilianstraße 17', NULL, '95444', 'Bayreuth', 0),
        (300, 'Fritz Schmitz', 819253, 'Burgunderstr. 28', NULL, '50677', 'Köln', 5);
    
INSERT INTO public.products (id, manufacturer, name, code, colors, price, tax_rate) VALUES
        (1, 'Nike', 'Sneaker', 1234567890, '["Black", "White"]', 99.99, 19),
        (2, 'Adidas', 'T-Shirt', 2345678901, '["Red"]', 19.99, 19),
        (3, 'Puma', 'Long pants', 3456789012, '["Navy", "Blue"]', 49.99, 19),
        (4, 'The North Face', 'Winter jacket', 4567890123, '["Black", "Grey"]', 199.99, 19),
        (5, 'Levis', 'Short pants', 5678901234, '["Light Blue", "White"]', 39.99, 19),
        (6, 'Calvin Klein', 'Underwear', 6789012345, '["Black"]', 9.99, 19),
        (7, 'Ralph Lauren', 'Dress', 7890123456, '["Red", "White"]', 149.99, 19),
        (8, 'H&M', 'Sweater', 8901234567, '["Grey", "Black"]', 29.99, 19),
        (9, 'Zara', 'Different shoe', 9012345678, '["Brown", "Beige"]', 79.99, 19),
        (10, 'Tommy Hilfiger', 'Summer jacket', 1234509876, '["Navy", "Blue", "White", "Red"]', 149.99, 19),
        (11, 'Gap', 'T-Shirt', 2109876543, '["White"]', 15.99, 19),
        (12, 'Hollister', 'Short pants', 1098765432, '["Beige"]', 29.99, 19),
        (13, 'Zara', 'Dress', 9876543210, '["Black", "Red"]', 69.99, 19),
        (14, 'Under Armour', 'Sneaker', 8765432109, '["Grey", "Blue"]', 109.99, 19),
        (15, 'Patagonia', 'Winter jacket', 7654321098, '["Blue", "Red"]', 229.99, 19),
        (16, 'Uniqlo', 'Sweater', 6543210987, '["Black", "Grey", "White"]', 39.99, 19),
        (17, 'Vans', 'Different shoe', 5432109876, '["Red", "White"]', 59.99, 19),
        (18, 'Forever 21', 'Long pants', 4321098765, '["Black", "Grey"]', 49.99, 19),
        (19, 'American Eagle Outfitters', 'Summer jacket', 3210987654, '["Green"]', 79.99, 19),
        (20, 'Gap', 'T-Shirt', 2109876543, '["Red"]', 15.99, 19),
        (21, 'Tommy Hilfiger', 'Dress', 1098765432, '["Blue"]', 129.99, 19),
        (22, 'H&M', 'Short pants', 9876543210, '["Black", "White"]', 29.99, 19),
        (23, 'Levis', 'Underwear', 8765432109, '["Grey"]', 9.99, 19),
        (24, 'Nike', 'Sneaker', 7654321098, '["White", "Black", "Blue"]', 119.99, 19),
        (25, 'Puma', 'Winter jacket', 6543210987, '["Grey", "Red"]', 189.99, 19),
        (26, 'Adidas', 'Sweater', 5432109876, '["Blue", "Grey"]', 49.99, 19),
        (27, 'Gucci', 'Dress', 2345678901, '["Black"]', 599.99, 19),
        (28, 'Hugo Boss', 'Sweater', 3456789012, '["Grey", "Red"]', 89.99, 19),
        (29, 'Versace', 'Winter jacket', 4567890123, '["Black", "Gold"]', 799.99, 19),
        (30, 'Lacoste', 'Short pants', 5678901234, '["Green", "White"]', 49.99, 19),
        (31, 'Helly Hansen', 'Summer jacket', 6789012345, '["Yellow", "Navy", "Blue"]', 129.99, 19),
        (32, 'Diesel', 'T-Shirt', 7890123456, '["Black", "White", "Grey"]', 39.99, 19),
        (33, 'Ralph Lauren', 'Long pants', 8901234567, '["Green", "Brown"]', 69.99, 19),
        (34, 'Fila', 'Different shoe', 9012345678, '["White", "Navy", "Blue"]', 69.99, 19),
        (35, 'G-Star RAW', 'Sneaker', 1234509876, '["Black", "Blue"]', 109.99, 19),
        (36, 'H&M', 'T-Shirt', 3600123456, '["Blue"]', 12.99, 19),
        (37, 'Levis', 'Summer jacket', 3701234567, '["Green", "White"]', 79.99, 19),
        (38, 'Calvin Klein', 'Short pants', 3802345678, '["Black"]', 29.99, 19),
        (39, 'Zara', 'Sweater', 3903456789, '["Red", "White"]', 39.99, 19),
        (40, 'Nike', 'Sneaker', 4004567890, '["Black", "Red", "White"]', 119.99, 19),
        (41, 'Adidas', 'Long pants', 4105678901, '["Grey"]', 59.99, 19),
        (42, 'The North Face', 'Winter jacket', 4206789012, '["Blue", "White"]', 249.99, 19),
        (43, 'Ralph Lauren', 'Dress', 4307890123, '["Black", "White"]', 199.99, 19),
        (44, 'Tommy Hilfiger', 'Short pants', 4408901234, '["Navy", "Blue", "White"]', 49.99, 19),
        (45, 'Puma', 'Different shoe', 4509012345, '["Black", "White"]', 89.99, 19),
        (46, 'Zara', 'Sneaker', 4610123456, '["White"]', 59.99, 19),
        (47, 'Calvin Klein', 'Underwear', 4721234567, '["White"]', 7.99, 19),
        (48, 'H&M', 'T-Shirt', 4832345678, '["Blue"]', 6.99, 19),
        (49, 'Nike', 'Sneaker', 1234567890, '["Black", "White"]', 99.99, 19),
        (50, 'Adidas', 'T-Shirt', 2345678901, '["Red"]', 19.99, 19),
        (51, 'Puma', 'Long pants', 3456789012, '["Navy Blue"]', 49.99, 19),
        (52, 'The North Face', 'Winter jacket', 4567890123, '["Black", "Grey"]', 199.99, 19),
        (53, 'Levis', 'Short pants', 5678901234, '["Light Blue", "White"]', 39.99, 19),
        (54, 'Calvin Klein', 'Underwear', 6789012345, '["Black"]', 9.99, 19),
        (55, 'Ralph Lauren', 'Dress', 7890123456, '["Red", "White"]', 149.99, 19),
        (56, 'H&M', 'Sweater', 8901234567, '["Grey", "Black"]', 29.99, 19),
        (57, 'Zara', 'Different shoe', 9012345678, '["Brown", "Beige"]', 79.99, 19),
        (58, 'Tommy Hilfiger', 'Summer jacket', 1234509876, '["Navy Blue", "White", "Red"]', 149.99, 19),
        (59, 'Under Armour', 'Hat', 2345678902, '["Black"]', 29.99, 19),
        (60, 'Columbia', 'Winter jacket', 3456789013, '["Blue", "Grey", "White"]', 189.99, 19),
        (61, 'Vans', 'Sneaker', 4567890124, '["Red", "White"]', 69.99, 19),
        (62, 'GAP', 'Dress', 5678901235, '["Black", "White"]', 79.99, 19),
        (63, 'Nike', 'Short pants', 6789012346, '["Black", "Grey"]', 49.99, 19),
        (64, 'Hugo Boss', 'Long pants', 7890123457, '["Brown"]', 119.99, 19),
        (65, 'Calvin Klein', 'T-Shirt', 8901234568, '["White"]', 24.99, 19),
        (66, 'Adidas', 'Sweater', 9012345679, '["Grey", "Black", "White"]', 59.99, 19),
        (67, 'Tommy Hilfiger', 'Summer jacket', 1234567891, '["Blue", "White"]', 129.99, 19),
        (68, 'Zara', 'Dress', 2345678903, '["Black"]', 69.99, 19),
        (69, 'Levis', 'Long pants', 3456789014, '["Blue"]', 69.99, 19),
        (70, 'Ralph Lauren', 'Sweater', 4567890125, '["Black", "Grey"]', 99.99, 19),
        (71, 'Under Armour', 'T-Shirt', 5678901236, '["Grey", "Black"]', 29.99, 19),
        (72, 'Puma', 'Sneaker', 6789012347, '["Black", "White"]', 89.99, 19),
        (73, 'Adidas', 'Winter jacket', 7890123458, '["Black", "White"]', 179.99, 19),
        (74, 'The North Face', 'Summer jacket', 8901234569, '["Green", "Black"]', 149.99, 19),
        (75, 'GAP', 'Short pants', 9012345680, '["Blue", "White"]', 39.99, 19),
        (76, 'Tommy Hilfiger', 'Dress', 1234567892, '["Red", "White"]', 99.99, 19),
        (77, 'Calvin Klein', 'Underwear', 2345678904, '["White"]', 12.99, 19),
        (78, 'H&M', 'T-Shirt', 3456789015, '["Black", "Grey"]', 14.99, 19),
        (79, 'Zara', 'Sweater', 4567890126, '["Blue", "White"]', 49.99, 19),
        (80, 'Levis', 'Long pants', 5678901237, '["Black"]', 79.99, 19),
        (81, 'Under Armour', 'Short pants', 6789012348, '["Grey", "Black"]', 49.99, 19),
        (82, 'The North Face', 'Winter jacket', 7890123459, '["Red", "Black"]', 249.99, 19),
        (83, 'Ralph Lauren', 'Dress', 8901234570, '["Black"]', 129.99, 19),
        (84, 'Nike', 'Sneaker', 9012345681, '["White"]', 119.99, 19),
        (85, 'Adidas', 'T-Shirt', 1234567893, '["Blue", "White"]', 34.99, 19),
        (86, 'Puma', 'Summer jacket', 2345678905, '["Black", "White"]', 99.99, 19),
        (87, 'GAP', 'Sweater', 3456789016, '["Grey", "White"]', 39.99, 19),
        (88, 'Tommy Hilfiger', 'Long pants', 4567890127, '["Blue", "White"]', 99.99, 19),
        (89, 'Calvin Klein', 'T-Shirt', 5678901238, '["Black", "White"]', 24.99, 19),
        (90, 'Zara', 'Summer jacket', 6789012349, '["Green"]', 69.99, 19),
        (91, 'Levis', 'Long pants', 7890123460, '["Black", "Grey"]', 89.99, 19),
        (92, 'Adidas', 'Sneaker', 9012345682, '["White", "Black"]', 109.99, 19),
        (93, 'GAP', 'Sweater', 9012345678, '["Grey", "Black"]', 39.99, 19),
        (94, 'Zara', 'Long pants', 8901234567, '["Beige"]', 59.99, 19),
        (95, 'Nike', 'Sneaker', 7890123456, '["Red", "White", "Black"]', 119.99, 19),
        (96, 'Adidas', 'T-Shirt', 6789012345, '["Green"]', 24.99, 19),
        (97, 'Puma', 'Summer jacket', 5678901234, '["Navy Blue"]', 79.99, 19),
        (98, 'Levis', 'Short pants', 4567890123, '["Black", "Grey"]', 49.99, 19),
        (99, 'Calvin Klein', 'Underwear', 3456789012, '["Black", "White"]', 12.99, 19),
        (100, 'Ralph Lauren', 'Dress', 2345678901, '["Red"]', 199.99, 19),
	    (101, 'Adidas', 'Sneaker', 1234567890123, '["Black", "White"]', 99.99, 19),
        (102, 'Nike', 'T-Shirt', 2345678901234, '["Red"]', 29.99, 19),
        (103, 'H&M', 'Short pants', 3456789012345, '["Green"]', 19.99, 19),
        (104, 'Levis', 'Long pants', 4567890123456, '["Blue"]', 59.99, 19),
        (105, 'Puma', 'Sneaker', 5678901234567, '["Blue", "White"]', 79.99, 19),
        (106, 'Calvin Klein', 'Dress', 6789012345678, '["Black"]', 129.99, 19),
        (107, 'The North Face', 'Winter jacket', 7890123456789, '["Black", "Yellow"]', 199.99, 19),
        (108, 'Adidas', 'Sweater', 8901234567890, '["Gray"]', 69.99, 19),
        (109, 'H&M', 'Hat', 9012345678901, '["Red", "White"]', 9.99, 19),
        (110, 'Nike', 'Summer jacket', 0123456789012, '["Green"]', 149.99, 19),
	    (111, 'Levis', 'Dress', 1234567890123, '["White"]', 79.99, 19),
        (112, 'Puma', 'Sneaker', 2345678901234, '["Black", "Red"]', 89.99, 19),
        (113, 'Adidas', 'Summer jacket', 3456789012345, '["Blue"]', 129.99, 19),
        (114, 'Zara', 'Short pants', 4567890123456, '["Black"]', 29.99, 19),
        (115, 'The North Face', 'Winter jacket', 5678901234567, '["Gray", "White"]', 249.99, 19),
        (116, 'H&M', 'Sweater', 6789012345678, '["Yellow"]', 39.99, 19),
        (117, 'Nike', 'T-Shirt', 7890123456789, '["Black", "White"]', 19.99, 19),
        (118, 'Levis', 'Long pants', 8901234567890, '["Black"]', 69.99, 19),
        (119, 'Adidas', 'Sneaker', 9012345678901, '["Green", "White"]', 109.99, 19),
        (120, 'H&M', 'Dress', 0123456789012, '["Pink"]', 59.99, 19),
        (121, 'Calvin Klein', 'Underwear', 1234567890123, '["Gray", "White"]', 14.99, 19),
        (122, 'Zara', 'T-Shirt', 2345678901234, '["Green"]', 24.99, 19),
        (123, 'The North Face', 'Summer jacket', 3456789012345, '["Black"]', 179.99, 19),
        (124, 'Adidas', 'Short pants', 4567890123456, '["Red"]', 39.99, 19),
        (125, 'Levis', 'Sweater', 5678901234567, '["Blue"]', 49.99, 19),
        (126, 'H&M', 'Dress', 6789012345678, '["Blue"]', 44.99, 19),
        (127, 'Puma', 'Sneaker', 7890123456789, '["Blue", "Yellow"]', 99.99, 19),
        (128, 'Nike', 'Long pants', 8901234567890, '["Gray"]', 79.99, 19),
        (129, 'Calvin Klein', 'Underwear', 9012345678901, '["Black"]', 19.99, 19),
        (130, 'The North Face', 'Winter jacket', 0123456789012, '["Blue", "White"]', 299.99, 19),
	    (131, 'Zara', 'T-Shirt', 1234567890123, '["Pink"]', 14.99, 19),
        (132, 'Levis', 'Short pants', 2345678901234, '["Blue"]', 49.99, 19),
        (133, 'Adidas', 'Sneaker', 3456789012345, '["White"]', 89.99, 19),
        (134, 'The North Face', 'Winter jacket', 4567890123456, '["Black", "Red"]', 279.99, 19),
        (135, 'H&M', 'Dress', 5678901234567, '["Green"]', 29.99, 19),
        (136, 'Puma', 'T-Shirt', 6789012345678, '["White", "Red"]', 19.99, 19),
        (137, 'Zara', 'Sweater', 7890123456789, '["Black"]', 59.99, 19),
        (138, 'Nike', 'Short pants', 8901234567890, '["Gray"]', 39.99, 19),
        (139, 'The North Face', 'Summer jacket', 9012345678901, '["Blue"]', 169.99, 19),
        (140, 'Levis', 'Sneaker', 0123456789012, '["White", "Gray"]', 99.99, 19),
        (141, 'H&M', 'T-Shirt', 1234567890123, '["Black"]', 9.99, 19),
        (142, 'Adidas', 'Long pants', 2345678901234, '["Black"]', 99.99, 19),
        (143, 'Zara', 'Dress', 3456789012345, '["White"]', 69.99, 19),
        (144, 'The North Face', 'Winter jacket', 4567890123456, '["Gray", "Black"]', 319.99, 19),
        (145, 'Nike', 'Sneaker', 5678901234567, '["Black"]', 109.99, 19),
        (146, 'Levis', 'Summer jacket', 6789012345678, '["Blue"]', 149.99, 19),
        (147, 'Puma', 'T-Shirt', 7890123456789, '["Black", "White"]', 29.99, 19),
        (148, 'Adidas', 'Short pants', 8901234567890, '["White"]', 34.99, 19),
        (149, 'The North Face', 'Winter jacket', 9012345678901, '["Blue", "Red"]', 259.99, 19),
        (150, 'Zara', 'Sweater', 0123456789012, '["Red"]', 39.99, 19),
        (151, 'Levis', 'Long pants', 1234567890123, '["Black", "White"]', 89.99, 19),
	    (152, 'Levis', 'Summer jacket', 2345678901234, '["Green"]', 129.99, 19),
        (153, 'H&M', 'T-Shirt', 3456789012345, '["White"]', 14.99, 19),
        (154, 'Adidas', 'Dress', 4567890123456, '["Red", "White"]', 89.99, 19),
        (155, 'Zara', 'Short pants', 5678901234567, '["Blue"]', 29.99, 19),
        (156, 'The North Face', 'Winter jacket', 6789012345678, '["Black"]', 219.99, 19),
        (157, 'Calvin Klein', 'Sweater', 7890123456789, '["Black", "White"]', 59.99, 19),
        (158, 'Nike', 'Long pants', 8901234567890, '["Gray"]', 89.99, 19),
        (159, 'Puma', 'Sneaker', 9012345678901, '["Red", "White"]', 79.99, 19),
        (160, 'Zara', 'T-Shirt', 0123456789012, '["Gray"]', 24.99, 19),
        (161, 'The North Face', 'Summer jacket', 1234567890123, '["Yellow"]', 159.99, 19),
        (162, 'H&M', 'Short pants', 2345678901234, '["Black"]', 19.99, 19),
        (163, 'Levis', 'Sweater', 3456789012345, '["Gray"]', 49.99, 19),
        (164, 'Adidas', 'Dress', 4567890123456, '["Black"]', 99.99, 19),
        (165, 'The North Face', 'Winter jacket', 5678901234567, '["Gray"]', 269.99, 19),
        (166, 'Puma', 'Sneaker', 6789012345678, '["Black", "Gray"]', 99.99, 19),
        (167, 'Calvin Klein', 'T-Shirt', 7890123456789, '["White"]', 19.99, 19),
        (168, 'H&M', 'Short pants', 8901234567890, '["Green"]', 24.99, 19),
        (169, 'Nike', 'Long pants', 9012345678901, '["Black"]', 99.99, 19),
        (170, 'Zara', 'Dress', 0123456789012, '["Red"]', 69.99, 19),
        (171, 'Levis', 'Summer jacket', 1234567890123, '["Blue"]', 129.99, 19),
        (172, 'Adidas', 'Sneaker', 2345678901234, '["Black", "White"]', 109.99, 19),
        (173, 'The North Face', 'Winter jacket', 3456789012345, '["White"]', 249.99, 19);
        
insert into public.receipts (id, shop_id, pos_device_id, customer_id, created_at, discount_total, tax_total, amount_total, employee_id, delivery_shop_id) values
    (1, 1, 1, null, '2023-03-20 15:34:28.000000', '0.00', '0.00', '24.99', 1, null);

INSERT INTO public.receipt_positions (receipt_id, position, product_id, size, color, quantity, price, discount, discount_reason, tax_rate) VALUES 
 (1, 1, 18, 'S', 'Grey', 5, 249.95, 0, 'No discount', 19),
 (1, 2, 9, 'M', 'Beige', 1, 79.99, 0, 'No discount', 19),
 (2, 1, 55, 'L', 'White', 1, 149.99, 20, 'Customer Loyalty', 19),
 (3, 1, 82, 'S', 'Black', 1, 249.99, 0, 'No discount', 19),
 (3, 2, 85, 'S', 'White', 2, 69.98, 3, 'End of Season Clearance', 19),
 (3, 3, 12, 'L', 'Beige', 2, 59.98, 30, 'Customer Loyalty', 19),
 (4, 1, 39, 'XL', 'White', 2, 79.98, 0, 'No discount', 19),
 (5, 1, 99, 'XL', 'White', 1, 12.99, 0, 'No discount', 19),
 (5, 2, 28, 'M', 'Red', 1, 89.99, 0, 'No discount', 19),
 (5, 3, 33, 'S', 'Green', 2, 139.98, 10, 'Customer Loyalty', 19),
 (5, 4, 11, 'XL', 'White', 2, 31.98, 0, 'No discount', 19),
 (6, 1, 69, 'M', 'Blue', 1, 69.99, 5, 'Holiday Sale', 19),
 (6, 2, 25, 'L', 'Grey', 5, 949.95, 0, 'No discount', 19),
 (6, 3, 43, 'L', 'Black', 1, 199.99, 10, 'Customer Loyalty', 19),
 (6, 4, 10, 'L', 'Red', 1, 149.99, 5, 'End of Season Clearance', 19),
 (7, 1, 51, 'S', 'Navy Blue', 1, 49.99, 0, 'No discount', 19),
 (7, 2, 96, 'S', 'Green', 1, 24.99, 0, 'No discount', 19),
 (7, 3, 83, 'L', 'Black', 1, 129.99, 50, 'Seasonal Sale', 19),
 (8, 1, 87, 'XL', 'Grey', 2, 79.98, 5, 'End of Season Clearance', 19),
 (8, 2, 12, 'S', 'Beige', 1, 29.99, 5, 'Customer Loyalty', 19),
 (8, 3, 64, 'L', 'Brown', 1, 119.99, 0, 'No discount', 19),
 (8, 4, 32, 'XL', 'White', 1, 39.99, 0, 'No discount', 19),
 (8, 5, 63, 'M', 'Grey', 3, 149.97, 15, 'Customer Loyalty', 19),
 (8, 6, 87, 'S', 'Grey', 1, 39.99, 0, 'No discount', 19),
 (8, 7, 72, 'S', 'White', 2, 179.98, 5, 'Holiday Sale', 19),
 (8, 8, 85, 'L', 'Blue', 2, 69.98, 0, 'No discount', 19),
 (8, 9, 37, 'S', 'Green', 1, 79.99, 10, 'Seasonal Sale', 19),
 (9, 1, 94, 'S', 'Beige', 1, 59.99, 50, 'Holiday Sale', 19),
 (10, 1, 14, 'S', 'Grey', 2, 219.98, 5, 'Seasonal Sale', 19),
 (10, 2, 94, 'S', 'Beige', 1, 59.99, 0, 'No discount', 19),
 (10, 3, 55, 'M', 'Red', 1, 149.99, 0, 'No discount', 19),
 (10, 4, 67, 'S', 'Blue', 1, 129.99, 0, 'No discount', 19),
 (10, 5, 99, 'XL', 'Black', 3, 38.97, 0, 'No discount', 19),
 (11, 1, 26, 'M', 'Grey', 1, 49.99, 0, 'No discount', 19),
 (11, 2, 59, 'M', 'Black', 1, 29.99, 5, 'Seasonal Sale', 19),
 (11, 3, 8, 'M', 'Grey', 1, 29.99, 0, 'No discount', 19),
 (12, 1, 54, 'S', 'Black', 1, 9.99, 0, 'No discount', 19),
 (13, 1, 40, 'S', 'Red', 3, 359.97, 30, 'Holiday Sale', 19),
 (13, 2, 22, 'S', 'Black', 1, 29.99, 0, 'No discount', 19),
 (13, 3, 94, 'S', 'Beige', 1, 59.99, 0, 'No discount', 19),
 (14, 1, 30, 'L', 'Green', 2, 99.98, 8, 'End of Season Clearance', 19),
 (14, 2, 70, 'L', 'Black', 3, 299.97, 0, 'No discount', 19),
 (15, 1, 36, 'M', 'Blue', 1, 12.99, 0, 'No discount', 19),
 (16, 1, 89, 'M', 'White', 2, 49.98, 0, 'No discount', 19),
 (16, 2, 93, 'L', 'Grey', 2, 79.98, 10, 'Customer Loyalty', 19),
 (16, 3, 16, 'L', 'White', 1, 39.99, 0, 'No discount', 19),
 (16, 4, 97, 'L', 'Navy Blue', 1, 79.99, 0, 'No discount', 19),
 (16, 5, 80, 'L', 'Black', 2, 159.98, 0, 'No discount', 19),
 (17, 1, 59, 'L', 'Black', 1, 29.99, 0, 'No discount', 19),
 (18, 1, 83, 'XL', 'Black', 1, 129.99, 0, 'No discount', 19),
 (18, 2, 57, 'M', 'Beige', 2, 159.98, 0, 'No discount', 19),
 (18, 3, 67, 'S', 'Blue', 2, 259.98, 0, 'No discount', 19),
 (19, 1, 51, 'S', 'Navy Blue', 1, 49.99, 0, 'No discount', 19),
 (19, 2, 62, 'XL', 'Black', 2, 159.98, 0, 'No discount', 19),
 (19, 3, 93, 'S', 'Black', 1, 39.99, 0, 'No discount', 19),
 (19, 4, 23, 'XL', 'Grey', 1, 9.99, 0, 'No discount', 19),
 (19, 5, 75, 'S', 'White', 1, 39.99, 0, 'No discount', 19),
 (20, 1, 4, 'L', 'Grey', 1, 199.99, 5, 'Customer Loyalty', 19),
 (20, 2, 45, 'XL', 'Black', 1, 89.99, 0, 'No discount', 19),
 (20, 3, 18, 'L', 'Grey', 1, 49.99, 0, 'No discount', 19),
 (20, 4, 18, 'XL', 'Grey', 1, 49.99, 20, 'Seasonal Sale', 19),
 (20, 5, 36, 'L', 'Blue', 2, 25.98, 0, 'No discount', 19),
 (20, 6, 38, 'M', 'Black', 1, 29.99, 0, 'No discount', 19),
 (20, 7, 32, 'XL', 'Grey', 2, 79.98, 0, 'No discount', 19),
 (20, 8, 45, 'M', 'Black', 1, 89.99, 0, 'No discount', 19),
 (20, 9, 78, 'M', 'Black', 1, 14.99, 10, 'Holiday Sale', 19),
 (20, 10, 53, 'L', 'White', 1, 39.99, 0, 'No discount', 19),
 (21, 1, 4, 'XL', 'Grey', 1, 199.99, 0, 'No discount', 19),
 (22, 1, 24, 'XL', 'Blue', 1, 119.99, 0, 'No discount', 19),
 (23, 1, 92, 'M', 'Black', 1, 109.99, 0, 'No discount', 19),
 (23, 2, 55, 'XL', 'Red', 1, 149.99, 0, 'No discount', 19),
 (23, 3, 96, 'M', 'Green', 1, 24.99, 0, 'No discount', 19),
 (24, 1, 24, 'L', 'White', 1, 119.99, 0, 'No discount', 19),
 (24, 2, 35, 'M', 'Black', 4, 439.96, 0, 'No discount', 19),
 (24, 3, 94, 'M', 'Beige', 2, 119.98, 0, 'No discount', 19),
 (24, 4, 32, 'M', 'Grey', 1, 39.99, 25, 'Seasonal Sale', 19),
 (24, 5, 71, 'M', 'Black', 1, 29.99, 0, 'No discount', 19),
 (25, 1, 65, 'M', 'White', 2, 49.98, 5, 'Holiday Sale', 19),
 (25, 2, 7, 'M', 'Red', 2, 299.98, 0, 'No discount', 19),
 (26, 1, 77, 'S', 'White', 1, 12.99, 0, 'No discount', 19),
 (26, 2, 82, 'XL', 'Black', 1, 249.99, 0, 'No discount', 19),
 (27, 1, 67, 'M', 'White', 1, 129.99, 0, 'No discount', 19),
 (27, 2, 91, 'M', 'Grey', 1, 89.99, 0, 'No discount', 19),
 (28, 1, 74, 'S', 'Green', 2, 299.98, 0, 'No discount', 19),
 (28, 2, 69, 'S', 'Blue', 1, 69.99, 0, 'No discount', 19),
 (28, 3, 34, 'M', 'White', 1, 69.99, 0, 'No discount', 19),
 (28, 4, 96, 'S', 'Green', 2, 49.98, 5, 'Seasonal Sale', 19),
 (28, 5, 2, 'XL', 'Red', 1, 19.99, 0, 'No discount', 19),
 (28, 6, 93, 'XL', 'Black', 2, 79.98, 0, 'No discount', 19),
 (28, 7, 42, 'L', 'White', 4, 999.96, 10, 'End of Season Clearance', 19),
 (29, 1, 73, 'XL', 'Black', 1, 179.99, 0, 'No discount', 19),
 (29, 2, 96, 'S', 'Green', 1, 24.99, 15, 'Customer Loyalty', 19),
 (30, 1, 89, 'S', 'White', 2, 49.98, 0, 'No discount', 19),
 (30, 2, 15, 'L', 'Blue', 1, 229.99, 0, 'No discount', 19),
 (30, 3, 90, 'L', 'Green', 2, 139.98, 0, 'No discount', 19),
 (31, 1, 70, 'M', 'Grey', 2, 199.98, 10, 'Customer Loyalty', 19),
 (31, 2, 97, 'XL', 'Navy Blue', 1, 79.99, 10, 'Customer Loyalty', 19),
 (31, 3, 4, 'L', 'Grey', 1, 199.99, 0, 'No discount', 19),
 (31, 4, 71, 'M', 'Grey', 1, 29.99, 3, 'Customer Loyalty', 19),
 (31, 5, 62, 'S', 'White', 1, 79.99, 0, 'No discount', 19),
 (32, 1, 32, 'S', 'White', 1, 39.99, 0, 'No discount', 19),
 (33, 1, 40, 'L', 'White', 1, 119.99, 0, 'No discount', 19),
 (34, 1, 29, 'M', 'Black', 1, 799.99, 30, 'Customer Loyalty', 19),
 (34, 2, 18, 'M', 'Black', 1, 49.99, 10, 'Holiday Sale', 19),
 (34, 3, 94, 'S', 'Beige', 1, 59.99, 0, 'No discount', 19),
 (34, 4, 17, 'S', 'Red', 1, 59.99, 5, 'End of Season Clearance', 19),
 (34, 5, 22, 'M', 'White', 1, 29.99, 5, 'Customer Loyalty', 19),
 (35, 1, 35, 'M', 'Black', 2, 219.98, 3, 'Holiday Sale', 19),
 (35, 2, 94, 'S', 'Beige', 1, 59.99, 0, 'No discount', 19),
 (35, 3, 56, 'M', 'Black', 1, 29.99, 0, 'No discount', 19),
 (35, 4, 78, 'L', 'Grey', 2, 29.98, 0, 'No discount', 19),
 (35, 5, 91, 'S', 'Black', 1, 89.99, 0, 'No discount', 19),
 (35, 6, 49, 'XL', 'White', 2, 199.98, 0, 'No discount', 19),
 (35, 7, 37, 'S', 'White', 1, 79.99, 0, 'No discount', 19),
 (35, 8, 38, 'S', 'Black', 1, 29.99, 5, 'Seasonal Sale', 19),
 (35, 9, 51, 'S', 'Navy Blue', 1, 49.99, 3, 'End of Season Clearance', 19),
 (36, 1, 22, 'M', 'Black', 2, 59.98, 0, 'No discount', 19),
 (36, 2, 35, 'L', 'Black', 2, 219.98, 0, 'No discount', 19),
 (36, 3, 30, 'XL', 'Green', 1, 49.99, 20, 'Customer Loyalty', 19),
 (36, 4, 59, 'L', 'Black', 1, 29.99, 0, 'No discount', 19),
 (36, 5, 43, 'M', 'Black', 4, 799.96, 10, 'End of Season Clearance', 19),
 (37, 1, 5, 'S', 'Light Blue', 1, 39.99, 0, 'No discount', 19),
 (37, 2, 24, 'XL', 'Black', 1, 119.99, 30, 'Seasonal Sale', 19),
 (38, 1, 23, 'L', 'Grey', 2, 19.98, 10, 'Seasonal Sale', 19),
 (38, 2, 44, 'L', 'White', 1, 49.99, 3, 'End of Season Clearance', 19),
 (38, 3, 18, 'XL', 'Grey', 1, 49.99, 10, 'End of Season Clearance', 19),
 (38, 4, 28, 'L', 'Grey', 1, 89.99, 0, 'No discount', 19),
 (38, 5, 5, 'XL', 'White', 2, 79.98, 0, 'No discount', 19),
 (38, 6, 76, 'L', 'White', 1, 99.99, 10, 'Seasonal Sale', 19),
 (38, 7, 32, 'L', 'Grey', 2, 79.98, 10, 'End of Season Clearance', 19),
 (38, 8, 99, 'S', 'Black', 1, 12.99, 0, 'No discount', 19),
 (39, 1, 62, 'XL', 'White', 1, 79.99, 5, 'End of Season Clearance', 19),
 (39, 2, 90, 'L', 'Green', 2, 139.98, 0, 'No discount', 19),
 (39, 3, 93, 'XL', 'Black', 2, 79.98, 10, 'Customer Loyalty', 19),
 (39, 4, 91, 'L', 'Black', 2, 179.98, 0, 'No discount', 19),
 (39, 5, 14, 'S', 'Blue', 1, 109.99, 0, 'No discount', 19),
 (39, 6, 4, 'M', 'Grey', 1, 199.99, 0, 'No discount', 19),
 (40, 1, 87, 'XL', 'Grey', 2, 79.98, 25, 'Holiday Sale', 19),
 (40, 2, 69, 'S', 'Blue', 1, 69.99, 0, 'No discount', 19),
 (40, 3, 51, 'L', 'Navy Blue', 1, 49.99, 5, 'End of Season Clearance', 19),
 (40, 4, 65, 'M', 'White', 1, 24.99, 0, 'No discount', 19),
 (40, 5, 61, 'M', 'White', 1, 69.99, 0, 'No discount', 19),
 (40, 6, 47, 'M', 'White', 1, 7.99, 3, 'Seasonal Sale', 19),
 (41, 1, 52, 'L', 'Black', 1, 199.99, 0, 'No discount', 19),
 (41, 2, 34, 'L', 'Navy', 2, 139.98, 0, 'No discount', 19),
 (41, 3, 78, 'M', 'Black', 1, 14.99, 0, 'No discount', 19),
 (41, 4, 6, 'XL', 'Black', 1, 9.99, 5, 'End of Season Clearance', 19),
 (41, 5, 93, 'L', 'Grey', 1, 39.99, 10, 'End of Season Clearance', 19),
 (41, 6, 59, 'L', 'Black', 1, 29.99, 0, 'No discount', 19),
 (41, 7, 9, 'L', 'Beige', 2, 159.98, 10, 'Customer Loyalty', 19),
 (41, 8, 58, 'S', 'Red', 1, 149.99, 0, 'No discount', 19),
 (42, 1, 37, 'L', 'White', 1, 79.99, 50, 'Customer Loyalty', 19),
 (42, 2, 5, 'S', 'Light Blue', 1, 39.99, 3, 'Holiday Sale', 19),
 (43, 1, 34, 'L', 'Blue', 1, 69.99, 0, 'No discount', 19),
 (44, 1, 50, 'S', 'Red', 1, 19.99, 0, 'No discount', 19),
 (44, 2, 45, 'L', 'Black', 2, 179.98, 0, 'No discount', 19),
 (44, 3, 98, 'M', 'Black', 3, 149.97, 0, 'No discount', 19),
 (44, 4, 75, 'L', 'Blue', 2, 79.98, 0, 'No discount', 19),
 (45, 1, 28, 'M', 'Red', 5, 449.95, 0, 'No discount', 19),
 (45, 2, 76, 'S', 'White', 1, 99.99, 0, 'No discount', 19),
 (45, 3, 82, 'S', 'Black', 3, 749.97, 0, 'No discount', 19),
 (45, 4, 11, 'S', 'White', 1, 15.99, 25, 'Seasonal Sale', 19),
 (46, 1, 73, 'L', 'White', 1, 179.99, 0, 'No discount', 19),
 (47, 1, 100, 'S', 'Red', 1, 199.99, 0, 'No discount', 19),
 (47, 2, 6, 'M', 'Black', 2, 19.98, 0, 'No discount', 19),
 (48, 1, 27, 'S', 'Black', 2, 1199.98, 0, 'No discount', 19),
 (48, 2, 1, 'XL', 'White', 3, 299.97, 0, 'No discount', 19),
 (48, 3, 33, 'M', 'Green', 1, 69.99, 0, 'No discount', 19),
 (48, 4, 45, 'L', 'Black', 1, 89.99, 0, 'No discount', 19),
 (48, 5, 23, 'XL', 'Grey', 1, 9.99, 5, 'Customer Loyalty', 19),
 (48, 6, 58, 'XL', 'Red', 1, 149.99, 3, 'Holiday Sale', 19),
 (48, 7, 89, 'M', 'White', 1, 24.99, 0, 'No discount', 19),
 (49, 1, 83, 'M', 'Black', 1, 129.99, 15, 'End of Season Clearance', 19),
 (49, 2, 71, 'L', 'Grey', 1, 29.99, 0, 'No discount', 19),
 (49, 3, 7, 'L', 'Red', 1, 149.99, 5, 'Seasonal Sale', 19),
 (49, 4, 81, 'L', 'Black', 1, 49.99, 25, 'End of Season Clearance', 19),
 (49, 5, 68, 'M', 'Black', 4, 279.96, 0, 'No discount', 19),
 (50, 1, 27, 'S', 'Black', 1, 599.99, 0, 'No discount', 19),
 (51, 1, 84, 'L', 'White', 1, 119.99, 0, 'No discount', 19),
 (51, 2, 99, 'M', 'White', 1, 12.99, 0, 'No discount', 19),
 (51, 3, 97, 'M', 'Navy Blue', 1, 79.99, 0, 'No discount', 19),
 (52, 1, 92, 'XL', 'White', 5, 549.95, 0, 'No discount', 19),
 (53, 1, 3, 'XL', 'Navy', 2, 99.98, 0, 'No discount', 19),
 (54, 1, 84, 'M', 'White', 1, 119.99, 0, 'No discount', 19),
 (55, 1, 100, 'L', 'Red', 3, 599.97, 0, 'No discount', 19),
 (55, 2, 14, 'L', 'Grey', 1, 109.99, 0, 'No discount', 19),
 (55, 3, 4, 'M', 'Black', 1, 199.99, 3, 'End of Season Clearance', 19),
 (56, 1, 58, 'S', 'White', 1, 149.99, 0, 'No discount', 19),
 (56, 2, 48, 'S', 'Blue', 1, 6.99, 0, 'No discount', 19),
 (56, 3, 58, 'M', 'White', 1, 149.99, 0, 'No discount', 19),
 (56, 4, 38, 'L', 'Black', 1, 29.99, 0, 'No discount', 19),
 (57, 1, 46, 'S', 'White', 1, 59.99, 0, 'No discount', 19),
 (57, 2, 48, 'S', 'Blue', 1, 6.99, 0, 'No discount', 19),
 (57, 3, 28, 'XL', 'Red', 4, 359.96, 15, 'Holiday Sale', 19),
 (57, 4, 55, 'S', 'White', 1, 149.99, 0, 'No discount', 19),
 (58, 1, 80, 'XL', 'Black', 1, 79.99, 0, 'No discount', 19),
 (58, 2, 22, 'M', 'Black', 1, 29.99, 0, 'No discount', 19),
 (58, 3, 95, 'XL', 'Red', 1, 119.99, 5, 'Customer Loyalty', 19),
 (58, 4, 86, 'S', 'White', 1, 99.99, 5, 'Customer Loyalty', 19),
 (59, 1, 22, 'L', 'Black', 1, 29.99, 0, 'No discount', 19),
 (59, 2, 86, 'L', 'Black', 1, 99.99, 0, 'No discount', 19),
 (60, 1, 87, 'L', 'White', 1, 39.99, 0, 'No discount', 19),
 (60, 2, 63, 'L', 'Grey', 4, 199.96, 3, 'Seasonal Sale', 19),
 (60, 3, 26, 'M', 'Grey', 3, 149.97, 0, 'No discount', 19),
 (60, 4, 90, 'XL', 'Green', 1, 69.99, 0, 'No discount', 19),
 (60, 5, 65, 'XL', 'White', 1, 24.99, 0, 'No discount', 19),
 (60, 6, 85, 'XL', 'Blue', 1, 34.99, 0, 'No discount', 19),
 (60, 7, 41, 'L', 'Grey', 1, 59.99, 0, 'No discount', 19),
 (61, 1, 33, 'L', 'Brown', 1, 69.99, 5, 'Customer Loyalty', 19),
 (61, 2, 6, 'L', 'Black', 2, 19.98, 5, 'Customer Loyalty', 19),
 (61, 3, 93, 'M', 'Grey', 1, 39.99, 3, 'End of Season Clearance', 19),
 (61, 4, 8, 'XL', 'Grey', 1, 29.99, 0, 'No discount', 19),
 (61, 5, 57, 'S', 'Beige', 1, 79.99, 0, 'No discount', 19),
 (61, 6, 5, 'XL', 'White', 1, 39.99, 0, 'No discount', 19),
 (62, 1, 79, 'M', 'Blue', 1, 49.99, 0, 'No discount', 19),
 (62, 2, 1, 'S', 'White', 1, 99.99, 0, 'No discount', 19),
 (62, 3, 91, 'L', 'Black', 5, 449.95, 0, 'No discount', 19),
 (62, 4, 32, 'L', 'White', 1, 39.99, 3, 'Holiday Sale', 19),
 (62, 5, 55, 'L', 'White', 1, 149.99, 5, 'Seasonal Sale', 19),
 (62, 6, 59, 'S', 'Black', 1, 29.99, 3, 'Seasonal Sale', 19),
 (63, 1, 23, 'S', 'Grey', 1, 9.99, 0, 'No discount', 19),
 (63, 2, 75, 'L', 'Blue', 1, 39.99, 0, 'No discount', 19),
 (63, 3, 30, 'XL', 'White', 1, 49.99, 0, 'No discount', 19),
 (63, 4, 49, 'M', 'White', 1, 99.99, 0, 'No discount', 19),
 (63, 5, 14, 'S', 'Grey', 1, 109.99, 25, 'Seasonal Sale', 19),
 (63, 6, 87, 'XL', 'White', 1, 39.99, 0, 'No discount', 19),
 (64, 1, 47, 'S', 'White', 1, 7.99, 5, 'Seasonal Sale', 19),
 (64, 2, 17, 'XL', 'White', 1, 59.99, 0, 'No discount', 19),
 (65, 1, 65, 'S', 'White', 1, 24.99, 10, 'Seasonal Sale', 19),
 (65, 2, 95, 'L', 'White', 1, 119.99, 0, 'No discount', 19),
 (65, 3, 56, 'S', 'Grey', 1, 29.99, 3, 'Holiday Sale', 19),
 (65, 4, 37, 'M', 'Green', 1, 79.99, 5, 'Holiday Sale', 19),
 (65, 5, 22, 'S', 'Black', 1, 29.99, 0, 'No discount', 19),
 (66, 1, 99, 'M', 'Black', 3, 38.97, 8, 'Customer Loyalty', 19),
 (66, 2, 69, 'S', 'Blue', 1, 69.99, 0, 'No discount', 19),
 (67, 1, 61, 'L', 'Red', 1, 69.99, 10, 'Holiday Sale', 19),
 (67, 2, 90, 'S', 'Green', 4, 279.96, 0, 'No discount', 19),
 (67, 3, 61, 'L', 'Red', 1, 69.99, 25, 'Seasonal Sale', 19),
 (67, 4, 84, 'XL', 'White', 2, 239.98, 0, 'No discount', 19),
 (67, 5, 83, 'M', 'Black', 2, 259.98, 0, 'No discount', 19),
 (67, 6, 28, 'M', 'Red', 2, 179.98, 0, 'No discount', 19),
 (67, 7, 83, 'M', 'Black', 1, 129.99, 0, 'No discount', 19),
 (67, 8, 91, 'XL', 'Grey', 1, 89.99, 15, 'End of Season Clearance', 19),
 (67, 9, 81, 'XL', 'Black', 1, 49.99, 0, 'No discount', 19),
 (67, 10, 63, 'M', 'Black', 3, 149.97, 0, 'No discount', 19),
 (67, 11, 21, 'M', 'Blue', 1, 129.99, 0, 'No discount', 19),
 (68, 1, 2, 'S', 'Red', 1, 19.99, 10, 'End of Season Clearance', 19),
 (69, 1, 73, 'L', 'White', 2, 359.98, 0, 'No discount', 19),
 (69, 2, 25, 'L', 'Red', 1, 189.99, 0, 'No discount', 19),
 (69, 3, 3, 'L', 'Navy', 2, 99.98, 30, 'Holiday Sale', 19),
 (70, 1, 82, 'XL', 'Red', 2, 499.98, 0, 'No discount', 19),
 (71, 1, 67, 'L', 'Blue', 2, 259.98, 0, 'No discount', 19),
 (71, 2, 26, 'L', 'Grey', 1, 49.99, 0, 'No discount', 19),
 (71, 3, 60, 'S', 'Grey', 3, 569.97, 0, 'No discount', 19),
 (72, 1, 43, 'L', 'White', 5, 999.95, 0, 'No discount', 19),
 (72, 2, 92, 'L', 'Black', 1, 109.99, 5, 'Holiday Sale', 19),
 (72, 3, 35, 'M', 'Black', 1, 109.99, 0, 'No discount', 19),
 (72, 4, 38, 'XL', 'Black', 1, 29.99, 5, 'Seasonal Sale', 19),
 (73, 1, 85, 'L', 'White', 1, 34.99, 25, 'Customer Loyalty', 19),
 (74, 1, 54, 'L', 'Black', 3, 29.97, 0, 'No discount', 19),
 (74, 2, 36, 'XL', 'Blue', 1, 12.99, 3, 'Customer Loyalty', 19),
 (75, 1, 36, 'M', 'Blue', 3, 38.97, 5, 'Seasonal Sale', 19),
 (75, 2, 4, 'XL', 'Grey', 1, 199.99, 0, 'No discount', 19),
 (75, 3, 5, 'M', 'White', 1, 39.99, 0, 'No discount', 19),
 (75, 4, 99, 'L', 'Black', 1, 12.99, 0, 'No discount', 19),
 (75, 5, 76, 'S', 'Red', 1, 99.99, 0, 'No discount', 19),
 (76, 1, 23, 'S', 'Grey', 2, 19.98, 0, 'No discount', 19),
 (76, 2, 65, 'L', 'White', 1, 24.99, 50, 'Holiday Sale', 19),
 (77, 1, 68, 'L', 'Black', 1, 69.99, 0, 'No discount', 19),
 (77, 2, 90, 'S', 'Green', 1, 69.99, 0, 'No discount', 19),
 (77, 3, 8, 'L', 'Grey', 1, 29.99, 0, 'No discount', 19),
 (78, 1, 54, 'S', 'Black', 1, 9.99, 0, 'No discount', 19),
 (78, 2, 96, 'XL', 'Green', 1, 24.99, 0, 'No discount', 19),
 (78, 3, 53, 'M', 'Light Blue', 1, 39.99, 0, 'No discount', 19),
 (78, 4, 27, 'S', 'Black', 4, 2399.96, 0, 'No discount', 19),
 (78, 5, 59, 'M', 'Black', 1, 29.99, 5, 'Customer Loyalty', 19),
 (78, 6, 61, 'S', 'White', 4, 279.96, 10, 'Seasonal Sale', 19),
 (78, 7, 47, 'L', 'White', 1, 7.99, 0, 'No discount', 19),
 (78, 8, 15, 'XL', 'Blue', 1, 229.99, 0, 'No discount', 19),
 (78, 9, 95, 'M', 'Red', 1, 119.99, 5, 'Holiday Sale', 19),
 (78, 10, 17, 'XL', 'White', 1, 59.99, 3, 'End of Season Clearance', 19),
 (78, 11, 52, 'M', 'Grey', 2, 399.98, 25, 'Customer Loyalty', 19),
 (78, 12, 70, 'S', 'Grey', 1, 99.99, 0, 'No discount', 19),
 (79, 1, 24, 'M', 'Blue', 1, 119.99, 0, 'No discount', 19),
 (80, 1, 24, 'L', 'Blue', 2, 239.98, 0, 'No discount', 19),
 (80, 2, 8, 'S', 'Black', 2, 59.98, 0, 'No discount', 19),
 (80, 3, 43, 'S', 'White', 1, 199.99, 0, 'No discount', 19),
 (80, 4, 56, 'M', 'Grey', 1, 29.99, 0, 'No discount', 19),
 (81, 1, 51, 'XL', 'Navy Blue', 2, 99.98, 0, 'No discount', 19),
 (81, 2, 37, 'L', 'White', 1, 79.99, 0, 'No discount', 19),
 (81, 3, 92, 'M', 'Black', 1, 109.99, 0, 'No discount', 19),
 (81, 4, 68, 'S', 'Black', 2, 139.98, 0, 'No discount', 19),
 (82, 1, 81, 'L', 'Black', 1, 49.99, 0, 'No discount', 19),
 (83, 1, 91, 'XL', 'Grey', 2, 179.98, 0, 'No discount', 19),
 (83, 2, 52, 'M', 'Black', 2, 399.98, 5, 'Holiday Sale', 19),
 (83, 3, 71, 'S', 'Black', 1, 29.99, 30, 'Seasonal Sale', 19),
 (84, 1, 65, 'L', 'White', 1, 24.99, 0, 'No discount', 19),
 (84, 2, 9, 'XL', 'Brown', 1, 79.99, 0, 'No discount', 19),
 (84, 3, 69, 'M', 'Blue', 3, 209.97, 0, 'No discount', 19),
 (84, 4, 58, 'L', 'White', 4, 599.96, 0, 'No discount', 19),
 (85, 1, 28, 'XL', 'Red', 1, 89.99, 5, 'Holiday Sale', 19),
 (85, 2, 29, 'L', 'Black', 1, 799.99, 0, 'No discount', 19),
 (85, 3, 66, 'XL', 'Black', 1, 59.99, 3, 'Holiday Sale', 19),
 (85, 4, 71, 'L', 'Grey', 1, 29.99, 5, 'Customer Loyalty', 19),
 (85, 5, 28, 'L', 'Grey', 1, 89.99, 0, 'No discount', 19),
 (85, 6, 52, 'M', 'Black', 1, 199.99, 30, 'Holiday Sale', 19),
 (85, 7, 50, 'XL', 'Red', 1, 19.99, 5, 'Holiday Sale', 19),
 (85, 8, 12, 'M', 'Beige', 1, 29.99, 0, 'No discount', 19),
 (85, 9, 39, 'XL', 'Red', 1, 39.99, 3, 'End of Season Clearance', 19),
 (85, 10, 86, 'M', 'Black', 1, 99.99, 0, 'No discount', 19),
 (85, 11, 60, 'S', 'Grey', 1, 189.99, 0, 'No discount', 19),
 (86, 1, 100, 'S', 'Red', 2, 399.98, 0, 'No discount', 19),
 (86, 2, 69, 'XL', 'Blue', 1, 69.99, 5, 'Customer Loyalty', 19),
 (86, 3, 42, 'XL', 'Blue', 1, 249.99, 10, 'Seasonal Sale', 19),
 (87, 1, 47, 'S', 'White', 3, 23.97, 3, 'Seasonal Sale', 19),
 (87, 2, 81, 'XL', 'Grey', 1, 49.99, 5, 'Holiday Sale', 19),
 (87, 3, 27, 'S', 'Black', 1, 599.99, 3, 'Holiday Sale', 19),
 (87, 4, 94, 'M', 'Beige', 1, 59.99, 5, 'Customer Loyalty', 19),
 (87, 5, 46, 'M', 'White', 2, 119.98, 5, 'Customer Loyalty', 19),
 (87, 6, 76, 'S', 'Red', 1, 99.99, 5, 'Seasonal Sale', 19),
 (87, 7, 91, 'M', 'Black', 2, 179.98, 25, 'End of Season Clearance', 19),
 (87, 8, 40, 'M', 'Red', 3, 359.97, 0, 'No discount', 19),
 (88, 1, 40, 'L', 'Black', 1, 119.99, 0, 'No discount', 19),
 (88, 2, 39, 'M', 'Red', 1, 39.99, 0, 'No discount', 19),
 (89, 1, 60, 'L', 'White', 1, 189.99, 3, 'Customer Loyalty', 19),
 (89, 2, 40, 'L', 'Black', 1, 119.99, 0, 'No discount', 19),
 (89, 3, 2, 'XL', 'Red', 1, 19.99, 0, 'No discount', 19),
 (90, 1, 92, 'S', 'White', 1, 109.99, 10, 'End of Season Clearance', 19),
 (91, 1, 7, 'M', 'White', 1, 149.99, 0, 'No discount', 19),
 (91, 2, 93, 'L', 'Grey', 2, 79.98, 0, 'No discount', 19),
 (91, 3, 54, 'XL', 'Black', 2, 19.98, 0, 'No discount', 19),
 (91, 4, 83, 'L', 'Black', 3, 389.97, 20, 'Holiday Sale', 19),
 (91, 5, 12, 'M', 'Beige', 1, 29.99, 8, 'End of Season Clearance', 19),
 (92, 1, 21, 'XL', 'Blue', 2, 259.98, 0, 'No discount', 19),
 (92, 2, 77, 'XL', 'White', 1, 12.99, 0, 'No discount', 19),
 (92, 3, 36, 'M', 'Blue', 1, 12.99, 10, 'End of Season Clearance', 19),
 (92, 4, 99, 'S', 'White', 1, 12.99, 5, 'Seasonal Sale', 19),
 (93, 1, 41, 'M', 'Grey', 1, 59.99, 10, 'End of Season Clearance', 19),
 (93, 2, 56, 'L', 'Black', 1, 29.99, 0, 'No discount', 19),
 (94, 1, 84, 'S', 'White', 1, 119.99, 0, 'No discount', 19),
 (95, 1, 44, 'XL', 'Blue', 2, 99.98, 0, 'No discount', 19),
 (95, 2, 78, 'M', 'Grey', 1, 14.99, 5, 'Seasonal Sale', 19),
 (95, 3, 1, 'L', 'Black', 2, 199.98, 0, 'No discount', 19),
 (95, 4, 8, 'L', 'Black', 1, 29.99, 0, 'No discount', 19),
 (96, 1, 95, 'L', 'White', 2, 239.98, 0, 'No discount', 19),
 (97, 1, 94, 'XL', 'Beige', 2, 119.98, 5, 'Holiday Sale', 19),
 (98, 1, 13, 'L', 'Red', 1, 69.99, 15, 'Holiday Sale', 19),
 (98, 2, 55, 'S', 'White', 1, 149.99, 0, 'No discount', 19),
 (98, 3, 22, 'M', 'White', 2, 59.98, 0, 'No discount', 19),
 (98, 4, 84, 'S', 'White', 1, 119.99, 8, 'End of Season Clearance', 19),
 (98, 5, 29, 'L', 'Gold', 1, 799.99, 0, 'No discount', 19),
 (98, 6, 33, 'XL', 'Brown', 1, 69.99, 0, 'No discount', 19),
 (99, 1, 84, 'M', 'White', 1, 119.99, 5, 'Holiday Sale', 19),
 (99, 2, 53, 'L', 'Light Blue', 1, 39.99, 0, 'No discount', 19),
 (99, 3, 30, 'S', 'Green', 1, 49.99, 0, 'No discount', 19),
 (99, 4, 84, 'S', 'White', 1, 119.99, 0, 'No discount', 19),
 (100, 1, 79, 'S', 'Blue', 1, 49.99, 0, 'No discount', 19),
 (100, 2, 39, 'M', 'White', 1, 39.99, 0, 'No discount', 19),
 (100, 3, 27, 'M', 'Black', 1, 599.99, 0, 'No discount', 19),
 (101, 1, 36, 'L', 'Blue', 1, 12.99, 0, 'No discount', 19),
 (102, 1, 90, 'L', 'Green', 1, 69.99, 0, 'No discount', 19),
 (103, 1, 10, 'S', 'Blue', 1, 149.99, 8, 'Seasonal Sale', 19),
 (104, 1, 96, 'XL', 'Green', 5, 124.95, 0, 'No discount', 19),
 (105, 1, 77, 'XL', 'White', 2, 25.98, 0, 'No discount', 19),
 (105, 2, 24, 'S', 'Blue', 1, 119.99, 0, 'No discount', 19),
 (105, 3, 91, 'XL', 'Grey', 1, 89.99, 0, 'No discount', 19),
 (106, 1, 16, 'M', 'Black', 1, 39.99, 0, 'No discount', 19),
 (106, 2, 63, 'S', 'Black', 1, 49.99, 10, 'Holiday Sale', 19),
 (107, 1, 75, 'XL', 'Blue', 1, 39.99, 0, 'No discount', 19),
 (108, 1, 77, 'S', 'White', 1, 12.99, 5, 'Customer Loyalty', 19),
 (108, 2, 14, 'XL', 'Blue', 3, 329.97, 0, 'No discount', 19),
 (108, 3, 30, 'L', 'White', 1, 49.99, 5, 'Customer Loyalty', 19),
 (108, 4, 80, 'L', 'Black', 1, 79.99, 0, 'No discount', 19),
 (108, 5, 19, 'XL', 'Green', 1, 79.99, 0, 'No discount', 19),
 (109, 1, 62, 'L', 'Black', 2, 159.98, 30, 'Customer Loyalty', 19),
 (109, 2, 82, 'XL', 'Black', 1, 249.99, 0, 'No discount', 19),
 (110, 1, 87, 'L', 'Grey', 1, 39.99, 5, 'Customer Loyalty', 19),
 (110, 2, 37, 'L', 'White', 1, 79.99, 0, 'No discount', 19),
 (110, 3, 38, 'M', 'Black', 2, 59.98, 0, 'No discount', 19),
 (110, 4, 87, 'XL', 'Grey', 1, 39.99, 0, 'No discount', 19),
 (110, 5, 61, 'M', 'White', 1, 69.99, 5, 'Seasonal Sale', 19),
 (111, 1, 24, 'XL', 'Black', 2, 239.98, 0, 'No discount', 19),
 (111, 2, 40, 'M', 'White', 3, 359.97, 0, 'No discount', 19),
 (112, 1, 64, 'M', 'Brown', 1, 119.99, 0, 'No discount', 19),
 (112, 2, 19, 'XL', 'Green', 1, 79.99, 8, 'End of Season Clearance', 19),
 (113, 1, 87, 'XL', 'Grey', 2, 79.98, 0, 'No discount', 19),
 (113, 2, 49, 'L', 'Black', 2, 199.98, 0, 'No discount', 19),
 (114, 1, 42, 'XL', 'Blue', 1, 249.99, 0, 'No discount', 19),
 (115, 1, 35, 'S', 'Blue', 1, 109.99, 0, 'No discount', 19),
 (116, 1, 22, 'L', 'White', 1, 29.99, 0, 'No discount', 19),
 (117, 1, 12, 'S', 'Beige', 2, 59.98, 0, 'No discount', 19),
 (117, 2, 84, 'L', 'White', 1, 119.99, 5, 'End of Season Clearance', 19),
 (118, 1, 3, 'XL', 'Navy', 1, 49.99, 20, 'Holiday Sale', 19),
 (119, 1, 7, 'L', 'White', 1, 149.99, 0, 'No discount', 19),
 (119, 2, 45, 'M', 'Black', 1, 89.99, 0, 'No discount', 19),
 (119, 3, 9, 'M', 'Beige', 1, 79.99, 0, 'No discount', 19),
 (120, 1, 15, 'M', 'Blue', 2, 459.98, 5, 'Holiday Sale', 19),
 (121, 1, 9, 'S', 'Beige', 1, 79.99, 25, 'Holiday Sale', 19),
 (122, 1, 14, 'M', 'Blue', 1, 109.99, 10, 'End of Season Clearance', 19),
 (122, 2, 41, 'S', 'Grey', 1, 59.99, 0, 'No discount', 19),
 (122, 3, 60, 'L', 'Grey', 3, 569.97, 0, 'No discount', 19),
 (122, 4, 23, 'L', 'Grey', 3, 29.97, 0, 'No discount', 19),
 (122, 5, 44, 'L', 'Blue', 1, 49.99, 25, 'Holiday Sale', 19),
 (122, 6, 57, 'S', 'Brown', 1, 79.99, 0, 'No discount', 19),
 (122, 7, 46, 'S', 'White', 3, 179.97, 0, 'No discount', 19),
 (122, 8, 100, 'XL', 'Red', 3, 599.97, 0, 'No discount', 19),
 (122, 9, 25, 'S', 'Grey', 4, 759.96, 0, 'No discount', 19),
 (123, 1, 75, 'L', 'Blue', 1, 39.99, 3, 'Holiday Sale', 19),
 (124, 1, 95, 'M', 'Red', 2, 239.98, 25, 'Customer Loyalty', 19),
 (124, 2, 50, 'M', 'Red', 1, 19.99, 0, 'No discount', 19),
 (124, 3, 71, 'XL', 'Black', 1, 29.99, 5, 'Customer Loyalty', 19),
 (125, 1, 35, 'S', 'Blue', 1, 109.99, 0, 'No discount', 19),
 (125, 2, 55, 'S', 'White', 3, 449.97, 0, 'No discount', 19),
 (125, 3, 41, 'S', 'Grey', 1, 59.99, 0, 'No discount', 19),
 (125, 4, 11, 'XL', 'White', 1, 15.99, 0, 'No discount', 19),
 (125, 5, 32, 'XL', 'White', 2, 79.98, 0, 'No discount', 19),
 (126, 1, 41, 'XL', 'Grey', 1, 59.99, 0, 'No discount', 19),
 (126, 2, 47, 'M', 'White', 1, 7.99, 0, 'No discount', 19),
 (126, 3, 11, 'XL', 'White', 1, 15.99, 5, 'End of Season Clearance', 19),
 (126, 4, 1, 'XL', 'White', 1, 99.99, 0, 'No discount', 19),
 (127, 1, 11, 'L', 'White', 1, 15.99, 0, 'No discount', 19),
 (127, 2, 45, 'S', 'White', 2, 179.98, 0, 'No discount', 19),
 (127, 3, 71, 'XL', 'Grey', 2, 59.98, 8, 'Holiday Sale', 19),
 (128, 1, 2, 'XL', 'Red', 1, 19.99, 0, 'No discount', 19),
 (128, 2, 18, 'XL', 'Grey', 1, 49.99, 0, 'No discount', 19),
 (128, 3, 21, 'XL', 'Blue', 1, 129.99, 0, 'No discount', 19),
 (129, 1, 55, 'S', 'Red', 1, 149.99, 0, 'No discount', 19),
 (130, 1, 57, 'S', 'Brown', 2, 159.98, 0, 'No discount', 19),
 (130, 2, 33, 'XL', 'Green', 2, 139.98, 0, 'No discount', 19),
 (130, 3, 59, 'S', 'Black', 1, 29.99, 0, 'No discount', 19),
 (130, 4, 50, 'S', 'Red', 1, 19.99, 0, 'No discount', 19),
 (131, 1, 33, 'L', 'Green', 1, 69.99, 0, 'No discount', 19),
 (131, 2, 33, 'XL', 'Brown', 1, 69.99, 0, 'No discount', 19),
 (131, 3, 23, 'S', 'Grey', 1, 9.99, 25, 'Holiday Sale', 19),
 (131, 4, 70, 'XL', 'Black', 1, 99.99, 0, 'No discount', 19),
 (131, 5, 39, 'M', 'White', 1, 39.99, 0, 'No discount', 19),
 (132, 1, 43, 'S', 'Black', 1, 199.99, 0, 'No discount', 19),
 (132, 2, 60, 'S', 'Blue', 1, 189.99, 0, 'No discount', 19),
 (132, 3, 74, 'XL', 'Green', 1, 149.99, 0, 'No discount', 19),
 (132, 4, 91, 'M', 'Black', 1, 89.99, 0, 'No discount', 19),
 (133, 1, 75, 'XL', 'Blue', 1, 39.99, 0, 'No discount', 19),
 (133, 2, 93, 'S', 'Black', 1, 39.99, 0, 'No discount', 19),
 (133, 3, 9, 'L', 'Brown', 1, 79.99, 0, 'No discount', 19),
 (133, 4, 54, 'M', 'Black', 1, 9.99, 0, 'No discount', 19),
 (133, 5, 90, 'XL', 'Green', 1, 69.99, 25, 'Holiday Sale', 19),
 (133, 6, 78, 'M', 'Black', 1, 14.99, 0, 'No discount', 19),
 (133, 7, 16, 'S', 'White', 1, 39.99, 0, 'No discount', 19),
 (133, 8, 96, 'M', 'Green', 1, 24.99, 0, 'No discount', 19),
 (134, 1, 58, 'XL', 'White', 1, 149.99, 5, 'Seasonal Sale', 19),
 (134, 2, 87, 'L', 'Grey', 1, 39.99, 0, 'No discount', 19),
 (134, 3, 64, 'S', 'Brown', 1, 119.99, 3, 'Seasonal Sale', 19),
 (134, 4, 79, 'L', 'White', 1, 49.99, 0, 'No discount', 19),
 (134, 5, 51, 'L', 'Navy Blue', 3, 149.97, 25, 'Customer Loyalty', 19),
 (134, 6, 72, 'M', 'White', 1, 89.99, 0, 'No discount', 19),
 (134, 7, 92, 'XL', 'Black', 1, 109.99, 0, 'No discount', 19),
 (134, 8, 15, 'S', 'Blue', 1, 229.99, 3, 'End of Season Clearance', 19),
 (135, 1, 12, 'XL', 'Beige', 1, 29.99, 0, 'No discount', 19),
 (135, 2, 24, 'L', 'White', 1, 119.99, 0, 'No discount', 19),
 (136, 1, 27, 'M', 'Black', 1, 599.99, 0, 'No discount', 19),
 (136, 2, 74, 'S', 'Black', 2, 299.98, 0, 'No discount', 19),
 (136, 3, 30, 'XL', 'White', 1, 49.99, 0, 'No discount', 19),
 (137, 1, 80, 'M', 'Black', 1, 79.99, 0, 'No discount', 19),
 (138, 1, 65, 'S', 'White', 1, 24.99, 0, 'No discount', 19),
 (138, 2, 35, 'XL', 'Blue', 1, 109.99, 0, 'No discount', 19),
 (138, 3, 59, 'XL', 'Black', 1, 29.99, 0, 'No discount', 19),
 (138, 4, 42, 'XL', 'White', 4, 999.96, 0, 'No discount', 19),
 (139, 1, 57, 'S', 'Beige', 1, 79.99, 0, 'No discount', 19),
 (139, 2, 39, 'XL', 'Red', 3, 119.97, 0, 'No discount', 19),
 (139, 3, 15, 'M', 'Blue', 1, 229.99, 25, 'End of Season Clearance', 19),
 (140, 1, 13, 'S', 'Red', 1, 69.99, 5, 'End of Season Clearance', 19),
 (140, 2, 38, 'M', 'Black', 1, 29.99, 0, 'No discount', 19),
 (140, 3, 16, 'L', 'White', 1, 39.99, 0, 'No discount', 19),
 (140, 4, 85, 'S', 'Blue', 2, 69.98, 0, 'No discount', 19),
 (140, 5, 86, 'S', 'Black', 2, 199.98, 0, 'No discount', 19),
 (140, 6, 94, 'S', 'Beige', 1, 59.99, 0, 'No discount', 19),
 (140, 7, 21, 'XL', 'Blue', 1, 129.99, 3, 'Customer Loyalty', 19),
 (140, 8, 34, 'S', 'White', 1, 69.99, 0, 'No discount', 19),
 (140, 9, 61, 'S', 'White', 1, 69.99, 0, 'No discount', 19),
 (141, 1, 81, 'M', 'Black', 1, 49.99, 3, 'End of Season Clearance', 19),
 (141, 2, 80, 'M', 'Black', 5, 399.95, 0, 'No discount', 19),
 (142, 1, 24, 'S', 'White', 2, 239.98, 30, 'Holiday Sale', 19),
 (143, 1, 100, 'XL', 'Red', 1, 199.99, 0, 'No discount', 19),
 (143, 2, 32, 'L', 'Black', 1, 39.99, 0, 'No discount', 19),
 (143, 3, 87, 'L', 'Grey', 2, 79.98, 0, 'No discount', 19),
 (143, 4, 43, 'M', 'White', 1, 199.99, 20, 'End of Season Clearance', 19),
 (143, 5, 48, 'M', 'Blue', 4, 27.96, 5, 'End of Season Clearance', 19),
 (143, 6, 83, 'S', 'Black', 3, 389.97, 0, 'No discount', 19),
 (144, 1, 20, 'M', 'Red', 1, 15.99, 25, 'Holiday Sale', 19),
 (145, 1, 7, 'S', 'Red', 3, 449.97, 0, 'No discount', 19),
 (146, 1, 53, 'L', 'Light Blue', 1, 39.99, 0, 'No discount', 19),
 (146, 2, 89, 'S', 'White', 1, 24.99, 0, 'No discount', 19),
 (146, 3, 89, 'L', 'Black', 2, 49.98, 0, 'No discount', 19),
 (146, 4, 44, 'S', 'Navy', 3, 149.97, 0, 'No discount', 19),
 (147, 1, 48, 'L', 'Blue', 1, 6.99, 0, 'No discount', 19),
 (148, 1, 71, 'XL', 'Grey', 2, 59.98, 0, 'No discount', 19),
 (148, 2, 35, 'L', 'Black', 3, 329.97, 5, 'Customer Loyalty', 19),
 (148, 3, 76, 'XL', 'Red', 1, 99.99, 0, 'No discount', 19),
 (148, 4, 59, 'XL', 'Black', 1, 29.99, 20, 'Seasonal Sale', 19),
 (148, 5, 14, 'XL', 'Blue', 1, 109.99, 30, 'Seasonal Sale', 19),
 (149, 1, 26, 'XL', 'Blue', 2, 99.98, 0, 'No discount', 19);

