INSERT INTO public.shops (id, city, postcode, street_1, street_2, iot_certificate) VALUES
        (1, 'Berlin', '10115', 'Alexanderplatz 3', '', ''),
        (2, 'Munich', '80331', 'Marienplatz 22', '', ''),
        (3, 'Hamburg', '20095', 'Jungfernstieg 16-20', 'Passagehof 2', '');

insert into public.pos_devices (id, shop_id, serial, iot_certificate) values
        (1, 1, 'shop1-dev1', ''),
        (2, 2, 'shop2-dev1', ''),
        (3, 3, 'shop3-dev1', '');
    
INSERT INTO public.employees (id, primary_shop_id, name, card_id)
VALUES 
        (1, 2, 'Anna Schmidt', 1234),
        (2, 1, 'Max Müller', 5678),
        (3, 3, 'Sabine Fischer', 9012),
        (4, 2, 'Markus Wagner', 3456),
        (5, 1, 'Julia Becker', 7890),
        (6, 3, 'Tobias Schulz', 2345),
        (7, 2, 'Laura Berger', 6789),
        (8, 1, 'Johannes Bauer', 9012),
        (9, 3, 'Nina Schäfer', 3456),
        (10, 2, 'Felix Koch', 7890),
        (11, 1, 'Caroline Lange', 2345),
        (12, 3, 'Sebastian Braun', 6789),
        (13, 2, 'Lena Meier', 9012),
        (14, 1, 'Simon Schmitt', 3456),
        (15, 3, 'Marie Mayer', 7890);
    
INSERT INTO public.customers (id, name, card_id, street_1, street_2, postcode, city, discount) VALUES
        (1, 'Hans Müller', 123456, 'Musterstraße 1', NULL, '10115', 'Berlin', 5),
        (2, 'Anna Schmidt', 234567, 'Lindenstraße 15', NULL, '40233', 'Düsseldorf', 0),
        (3, 'Maximilian Wagner', 345678, 'Hauptstraße 47', 'Apt 5', '80331', 'München', 10),
        (4, 'Marie Weber', 456789, 'Schloßstraße 17', NULL, '12163', 'Berlin', 0),
        (5, 'Felix Schmitz', 567890, 'Bahnhofstraße 2', NULL, '53113', 'Bonn', 0),
        (6, 'Leonie Schulz', 678901, 'Friedrichstraße 37', NULL, '66111', 'Saarbrücken', 8),
        (7, 'Sebastian Krause', 789012, 'Heinrich-Heine-Straße 29', NULL, '01067', 'Dresden', 0),
        (8, 'Julia Lehmann', 890123, 'Königsallee 15', 'Apt 10', '40212', 'Düsseldorf', 0),
        (9, 'Tobias Maier', 901234, 'Kaiserstraße 21', NULL, '60311', 'Frankfurt am Main', 3),
        (10, 'Sarah Bauer', 012345, 'Luisenplatz 12', NULL, '64283', 'Darmstadt', 0),
        (11, 'Sophie Fischer', 123123, 'Münsterstraße 12', NULL, '48155', 'Münster', 0),
        (12, 'Benjamin Hartmann', 234234, 'Hohenzollernring 16', NULL, '50672', 'Köln', 5),
        (13, 'Emily Schulz', 345345, 'Maxstraße 7', NULL, '80798', 'München', 0),
        (14, 'Lukas Berger', 456456, 'Rheinstraße 8', 'Apt 3', '55116', 'Mainz', 3),
        (15, 'Laura Schröder', 567567, 'Hermannstraße 17', NULL, '12049', 'Berlin', 0),
        (16, 'Simon Keller', 678678, 'Burgstraße 17', 'Apt 7', '01067', 'Dresden', 0),
        (17, 'Jana Krause', 789789, 'Albertstraße 25', NULL, '01097', 'Dresden', 10),
        (18, 'Paula Vogel', 890890, 'Kaiser-Wilhelm-Ring 22', NULL, '50672', 'Köln', 0),
        (19, 'Robin Braun', 901901, 'Bahnhofstraße 9', NULL, '35037', 'Marburg', 0),
        (20, 'Sara Schumacher', 012012, 'Rathausplatz 4', NULL, '35390', 'Gießen', 15),
        (21, 'Melanie Hoffmann', 123321, 'Hohenzollerndamm 11', NULL, '14163', 'Berlin', 0),
        (22, 'Kevin Werner', 234432, 'Hauptstraße 12', NULL, '85521', 'Ottobrunn', 5),
        (23, 'Lena Schreiber', 345543, 'Marktstraße 23', NULL, '37073', 'Göttingen', 0),
        (24, 'David Weber', 456654, 'Wittelsbacherstraße 18', 'Apt 3', '80538', 'München', 3),
        (25, 'Hannah Schmitt', 567765, 'Nordstraße 2', NULL, '80801', 'München', 0),
        (26, 'Janina Schröder', 678876, 'Königsallee 60', NULL, '40212', 'Düsseldorf', 0),
        (27, 'Marco Krause', 789987, 'Bergstraße 11', NULL, '01067', 'Dresden', 0),
        (28, 'Nina Vogel', 890098, 'Biegenstraße 11', NULL, '35037', 'Marburg', 10),
        (29, 'Patrick Braun', 901109, 'Lindenstraße 4', NULL, '65189', 'Wiesbaden', 0),
        (30, 'Vanessa Schumacher', 012210, 'Hauptplatz 2', NULL, '68723', 'Schwetzingen', 0),
        (31, 'Maximilian Müller', 123456, 'Marienstraße 1', NULL, '70178', 'Stuttgart', 0),
        (32, 'Julia König', 234567, 'Ludwigstraße 7', NULL, '85049', 'Ingolstadt', 5),
        (33, 'Tobias Becker', 345678, 'Hohenzollernring 23', NULL, '50672', 'Köln', 0),
        (34, 'Anna Schuster', 456789, 'Hermannstraße 3', NULL, '76133', 'Karlsruhe', 2),
        (35, 'Felix Schneider', 567890, 'Schadowstraße 5', NULL, '40212', 'Düsseldorf', 0),
        (36, 'Sophie Fischer', 678901, 'Hornstraße 23', NULL, '33106', 'Paderborn', 7);



    
INSERT INTO public.products (id, manufacturer, name, code, colors, price, tax_rate) VALUES
        (1, 'Nike', 'Sneaker', 1234567890, '["Black", "White"]', 99.99, 19),
        (2, 'Adidas', 'T-Shirt', 2345678901, '["Red"]', 19.99, 19),
        (3, 'Puma', 'Long pants', 3456789012, '["Navy", "Blue"]', 49.99, 19),
        (4, 'The North Face', 'Winter jacket', 4567890123, '["Black", "Grey"]', 199.99, 19),
        (5, 'Levi Strauss & Co', 'Short pants', 5678901234, '["Light Blue", "White"]', 39.99, 19),
        (6, 'Calvin Klein', 'Underwear', 6789012345, '["Black"]', 9.99, 19),
        (7, 'Ralph Lauren', 'Dress', 7890123456, '["Red", "White"]', 149.99, 19),
        (8, 'H&M', 'Sweater', 8901234567, '["Grey", "Black"]', 29.99, 19),
        (9, 'Zara', 'Different shoe', 9012345678, '["Brown", "Beige"]', 79.99, 19),
        (10, 'Tommy Hilfiger', 'Summer jacket', 1234509876, '["Navy", "Blue", "White", "Red"]', 149.99, 19),
        (11, 'Gap', 'T-Shirt', 2109876543, '["White"]', 15.99, 19),
        (12, 'Hollister', 'Short pants', 1098765432, '["Beige"]', 29.99, 19),
        (13, 'Zara', 'Dress', 9876543210, '["Black", "Red"]', 69.99, 19),
        (14, 'Under Armour', 'Sneaker', 8765432109, '["Grey", "Blue"]', 109.99, 19),
        (15, 'Patagonia', 'Winter jacket', 7654321098, '["Blue", "Red"]', 229.99, 19),
        (16, 'Uniqlo', 'Sweater', 6543210987, '["Black", "Grey", "White"]', 39.99, 19),
        (17, 'Vans', 'Different shoe', 5432109876, '["Red", "White"]', 59.99, 19),
        (18, 'Forever 21', 'Long pants', 4321098765, '["Black", "Grey"]', 49.99, 19),
        (19, 'American Eagle Outfitters', 'Summer jacket', 3210987654, '["Green"]', 79.99, 19),
        (20, 'Gap', 'T-Shirt', 2109876543, '["Red"]', 15.99, 19),
        (21, 'Tommy Hilfiger', 'Dress', 1098765432, '["Blue"]', 129.99, 19),
        (22, 'H&M', 'Short pants', 9876543210, '["Black", "White"]', 29.99, 19),
        (23, 'Levi Strauss & Co', 'Underwear', 8765432109, '["Grey"]', 9.99, 19),
        (24, 'Nike', 'Sneaker', 7654321098, '["White", "Black", "Blue"]', 119.99, 19),
        (25, 'Puma', 'Winter jacket', 6543210987, '["Grey", "Red"]', 189.99, 19),
        (26, 'Adidas', 'Sweater', 5432109876, '["Blue", "Grey"]', 49.99, 19),
        (27, 'Gucci', 'Dress', 2345678901, '["Black"]', 599.99, 19),
        (28, 'Hugo Boss', 'Sweater', 3456789012, '["Grey", "Red"]', 89.99, 19),
        (29, 'Versace', 'Winter jacket', 4567890123, '["Black", "Gold"]', 799.99, 19),
        (30, 'Lacoste', 'Short pants', 5678901234, '["Green", "White"]', 49.99, 19),
        (31, 'Helly Hansen', 'Summer jacket', 6789012345, '["Yellow", "Navy", "Blue"]', 129.99, 19),
        (32, 'Diesel', 'T-Shirt', 7890123456, '["Black", "White", "Grey"]', 39.99, 19),
        (33, 'Ralph Lauren', 'Long pants', 8901234567, '["Green", "Brown"]', 69.99, 19),
        (34, 'Fila', 'Different shoe', 9012345678, '["White", "Navy", "Blue"]', 69.99, 19),
        (35, 'G-Star RAW', 'Sneaker', 1234509876, '["Black", "Blue"]', 109.99, 19),
        (36, 'H&M', 'T-Shirt', 3600123456, '["Blue"]', 12.99, 19),
        (37, 'Levi Strauss & Co', 'Summer jacket', 3701234567, '["Green", "White"]', 79.99, 19),
        (38, 'Calvin Klein', 'Short pants', 3802345678, '["Black"]', 29.99, 19),
        (39, 'Zara', 'Sweater', 3903456789, '["Red", "White"]', 39.99, 19),
        (40, 'Nike', 'Sneaker', 4004567890, '["Black", "Red", "White"]', 119.99, 19),
        (41, 'Adidas', 'Long pants', 4105678901, '["Grey"]', 59.99, 19),
        (42, 'The North Face', 'Winter jacket', 4206789012, '["Blue", "White"]', 249.99, 19),
        (43, 'Ralph Lauren', 'Dress', 4307890123, '["Black", "White"]', 199.99, 19),
        (44, 'Tommy Hilfiger', 'Short pants', 4408901234, '["Navy", "Blue", "White"]', 49.99, 19),
        (45, 'Puma', 'Different shoe', 4509012345, '["Black", "White"]', 89.99, 19),
        (46, 'Zara', 'Sneaker', 4610123456, '["White"]', 59.99, 19),
        (47, 'Calvin Klein', 'Underwear', 4721234567, '["White"]', 7.99, 19),
        (48, 'H&M', 'T-Shirt', 4832345678, '["Blue"]', 6.99, 19),
        (49, 'Nike', 'Sneaker', 1234567890, '["Black", "White"]', 99.99, 19),
        (50, 'Adidas', 'T-Shirt', 2345678901, '["Red"]', 19.99, 19),
        (51, 'Puma', 'Long pants', 3456789012, '["Navy Blue"]', 49.99, 19),
        (52, 'The North Face', 'Winter jacket', 4567890123, '["Black", "Grey"]', 199.99, 19),
        (53, 'Levi Strauss & Co', 'Short pants', 5678901234, '["Light Blue", "White"]', 39.99, 19),
        (54, 'Calvin Klein', 'Underwear', 6789012345, '["Black"]', 9.99, 19),
        (55, 'Ralph Lauren', 'Dress', 7890123456, '["Red", "White"]', 149.99, 19),
        (56, 'H&M', 'Sweater', 8901234567, '["Grey", "Black"]', 29.99, 19),
        (57, 'Zara', 'Different shoe', 9012345678, '["Brown", "Beige"]', 79.99, 19),
        (58, 'Tommy Hilfiger', 'Summer jacket', 1234509876, '["Navy Blue", "White", "Red"]', 149.99, 19),
        (59, 'Under Armour', 'Hat', 2345678902, '["Black"]', 29.99, 19),
        (60, 'Columbia', 'Winter jacket', 3456789013, '["Blue", "Grey", "White"]', 189.99, 19),
        (61, 'Vans', 'Sneaker', 4567890124, '["Red", "White"]', 69.99, 19),
        (62, 'GAP', 'Dress', 5678901235, '["Black", "White"]', 79.99, 19),
        (63, 'Nike', 'Short pants', 6789012346, '["Black", "Grey"]', 49.99, 19),
        (64, 'Hugo Boss', 'Long pants', 7890123457, '["Brown"]', 119.99, 19),
        (65, 'Calvin Klein', 'T-Shirt', 8901234568, '["White"]', 24.99, 19),
        (66, 'Adidas', 'Sweater', 9012345679, '["Grey", "Black", "White"]', 59.99, 19),
        (67, 'Tommy Hilfiger', 'Summer jacket', 1234567891, '["Blue", "White"]', 129.99, 19),
        (68, 'Zara', 'Dress', 2345678903, '["Black"]', 69.99, 19),
        (69, 'Levi Strauss & Co', 'Long pants', 3456789014, '["Blue"]', 69.99, 19),
        (70, 'Ralph Lauren', 'Sweater', 4567890125, '["Black", "Grey"]', 99.99, 19),
        (71, 'Under Armour', 'T-Shirt', 5678901236, '["Grey", "Black"]', 29.99, 19),
        (72, 'Puma', 'Sneaker', 6789012347, '["Black", "White"]', 89.99, 19),
        (73, 'Adidas', 'Winter jacket', 7890123458, '["Black", "White"]', 179.99, 19),
        (74, 'The North Face', 'Summer jacket', 8901234569, '["Green", "Black"]', 149.99, 19),
        (75, 'GAP', 'Short pants', 9012345680, '["Blue", "White"]', 39.99, 19),
        (76, 'Tommy Hilfiger', 'Dress', 1234567892, '["Red", "White"]', 99.99, 19),
        (77, 'Calvin Klein', 'Underwear', 2345678904, '["White"]', 12.99, 19),
        (78, 'H&M', 'T-Shirt', 3456789015, '["Black", "Grey"]', 14.99, 19),
        (79, 'Zara', 'Sweater', 4567890126, '["Blue", "White"]', 49.99, 19),
        (80, 'Levi Strauss & Co', 'Long pants', 5678901237, '["Black"]', 79.99, 19),
        (81, 'Under Armour', 'Short pants', 6789012348, '["Grey", "Black"]', 49.99, 19),
        (82, 'The North Face', 'Winter jacket', 7890123459, '["Red", "Black"]', 249.99, 19),
        (83, 'Ralph Lauren', 'Dress', 8901234570, '["Black"]', 129.99, 19),
        (84, 'Nike', 'Sneaker', 9012345681, '["White"]', 119.99, 19),
        (85, 'Adidas', 'T-Shirt', 1234567893, '["Blue", "White"]', 34.99, 19),
        (86, 'Puma', 'Summer jacket', 2345678905, '["Black", "White"]', 99.99, 19),
        (87, 'GAP', 'Sweater', 3456789016, '["Grey", "White"]', 39.99, 19),
        (88, 'Tommy Hilfiger', 'Long pants', 4567890127, '["Blue", "White"]', 99.99, 19),
        (89, 'Calvin Klein', 'T-Shirt', 5678901238, '["Black", "White"]', 24.99, 19),
        (90, 'Zara', 'Summer jacket', 6789012349, '["Green"]', 69.99, 19),
        (91, 'Levi Strauss & Co', 'Long pants', 7890123460, '["Black", "Grey"]', 89.99, 19),
        (92, 'Adidas', 'Sneaker', 9012345682, '["White", "Black"]', 109.99, 19),
        (93, 'GAP', 'Sweater', 9012345678, '["Grey", "Black"]', 39.99, 19),
        (94, 'Zara', 'Long pants', 8901234567, '["Beige"]', 59.99, 19),
        (95, 'Nike', 'Sneaker', 7890123456, '["Red", "White", "Black"]', 119.99, 19),
        (96, 'Adidas', 'T-Shirt', 6789012345, '["Green"]', 24.99, 19),
        (97, 'Puma', 'Summer jacket', 5678901234, '["Navy Blue"]', 79.99, 19),
        (98, 'Levi Strauss & Co', 'Short pants', 4567890123, '["Black", "Grey"]', 49.99, 19),
        (99, 'Calvin Klein', 'Underwear', 3456789012, '["Black", "White"]', 12.99, 19),
        (100, 'Ralph Lauren', 'Dress', 2345678901, '["Red"]', 199.99, 19);

insert into public.receipts (id, shop_id, pos_device_id, customer_id, created_at, discount_total, tax_total, amount_total, employee_id, delivery_shop_id) values
    (1, 1, 1, null, '2023-03-20 15:34:28.000000', '0.00', '0.00', '24.99', 1, null);

INSERT INTO public.receipt_positions (receipt_id, position, product_id, size, color, quantity, price, discount, discount_reason, tax_rate) VALUES 
 (1, 1, 18, 'S', 'Grey', 5, 249.95, 0, 'No discount', 19),
 (1, 2, 9, 'M', 'Beige', 1, 79.99, 0, 'No discount', 19),
 (2, 1, 55, 'L', 'White', 1, 149.99, 20, 'Customer Loyalty', 19),
 (3, 1, 82, 'S', 'Black', 1, 249.99, 0, 'No discount', 19),
 (3, 2, 85, 'S', 'White', 2, 69.98, 3, 'End of Season Clearance', 19),
 (3, 3, 12, 'L', 'Beige', 2, 59.98, 30, 'Customer Loyalty', 19),
 (4, 1, 39, 'XL', 'White', 2, 79.98, 0, 'No discount', 19),
 (5, 1, 99, 'XL', 'White', 1, 12.99, 0, 'No discount', 19),
 (5, 2, 28, 'M', 'Red', 1, 89.99, 0, 'No discount', 19),
 (5, 3, 33, 'S', 'Green', 2, 139.98, 10, 'Customer Loyalty', 19),
 (5, 4, 11, 'XL', 'White', 2, 31.98, 0, 'No discount', 19),
 (6, 1, 69, 'M', 'Blue', 1, 69.99, 5, 'Holiday Sale', 19),
 (6, 2, 25, 'L', 'Grey', 5, 949.95, 0, 'No discount', 19),
 (6, 3, 43, 'L', 'Black', 1, 199.99, 10, 'Customer Loyalty', 19),
 (6, 4, 10, 'L', 'Red', 1, 149.99, 5, 'End of Season Clearance', 19),
 (7, 1, 51, 'S', 'Navy Blue', 1, 49.99, 0, 'No discount', 19),
 (7, 2, 96, 'S', 'Green', 1, 24.99, 0, 'No discount', 19),
 (7, 3, 83, 'L', 'Black', 1, 129.99, 50, 'Seasonal Sale', 19),
 (8, 1, 87, 'XL', 'Grey', 2, 79.98, 5, 'End of Season Clearance', 19),
 (8, 2, 12, 'S', 'Beige', 1, 29.99, 5, 'Customer Loyalty', 19),
 (8, 3, 64, 'L', 'Brown', 1, 119.99, 0, 'No discount', 19),
 (8, 4, 32, 'XL', 'White', 1, 39.99, 0, 'No discount', 19),
 (8, 5, 63, 'M', 'Grey', 3, 149.97, 15, 'Customer Loyalty', 19),
 (8, 6, 87, 'S', 'Grey', 1, 39.99, 0, 'No discount', 19),
 (8, 7, 72, 'S', 'White', 2, 179.98, 5, 'Holiday Sale', 19),
 (8, 8, 85, 'L', 'Blue', 2, 69.98, 0, 'No discount', 19),
 (8, 9, 37, 'S', 'Green', 1, 79.99, 10, 'Seasonal Sale', 19),
 (9, 1, 94, 'S', 'Beige', 1, 59.99, 50, 'Holiday Sale', 19),
 (10, 1, 14, 'S', 'Grey', 2, 219.98, 5, 'Seasonal Sale', 19),
 (10, 2, 94, 'S', 'Beige', 1, 59.99, 0, 'No discount', 19),
 (10, 3, 55, 'M', 'Red', 1, 149.99, 0, 'No discount', 19),
 (10, 4, 67, 'S', 'Blue', 1, 129.99, 0, 'No discount', 19),
 (10, 5, 99, 'XL', 'Black', 3, 38.97, 0, 'No discount', 19),
 (11, 1, 26, 'M', 'Grey', 1, 49.99, 0, 'No discount', 19),
 (11, 2, 59, 'M', 'Black', 1, 29.99, 5, 'Seasonal Sale', 19),
 (11, 3, 8, 'M', 'Grey', 1, 29.99, 0, 'No discount', 19),
 (12, 1, 54, 'S', 'Black', 1, 9.99, 0, 'No discount', 19),
 (13, 1, 40, 'S', 'Red', 3, 359.97, 30, 'Holiday Sale', 19),
 (13, 2, 22, 'S', 'Black', 1, 29.99, 0, 'No discount', 19),
 (13, 3, 94, 'S', 'Beige', 1, 59.99, 0, 'No discount', 19),
 (14, 1, 30, 'L', 'Green', 2, 99.98, 8, 'End of Season Clearance', 19),
 (14, 2, 70, 'L', 'Black', 3, 299.97, 0, 'No discount', 19),
 (15, 1, 36, 'M', 'Blue', 1, 12.99, 0, 'No discount', 19),
 (16, 1, 89, 'M', 'White', 2, 49.98, 0, 'No discount', 19),
 (16, 2, 93, 'L', 'Grey', 2, 79.98, 10, 'Customer Loyalty', 19),
 (16, 3, 16, 'L', 'White', 1, 39.99, 0, 'No discount', 19),
 (16, 4, 97, 'L', 'Navy Blue', 1, 79.99, 0, 'No discount', 19),
 (16, 5, 80, 'L', 'Black', 2, 159.98, 0, 'No discount', 19),
 (17, 1, 59, 'L', 'Black', 1, 29.99, 0, 'No discount', 19),
 (18, 1, 83, 'XL', 'Black', 1, 129.99, 0, 'No discount', 19),
 (18, 2, 57, 'M', 'Beige', 2, 159.98, 0, 'No discount', 19),
 (18, 3, 67, 'S', 'Blue', 2, 259.98, 0, 'No discount', 19),
 (19, 1, 51, 'S', 'Navy Blue', 1, 49.99, 0, 'No discount', 19),
 (19, 2, 62, 'XL', 'Black', 2, 159.98, 0, 'No discount', 19),
 (19, 3, 93, 'S', 'Black', 1, 39.99, 0, 'No discount', 19),
 (19, 4, 23, 'XL', 'Grey', 1, 9.99, 0, 'No discount', 19),
 (19, 5, 75, 'S', 'White', 1, 39.99, 0, 'No discount', 19),
 (20, 1, 4, 'L', 'Grey', 1, 199.99, 5, 'Customer Loyalty', 19),
 (20, 2, 45, 'XL', 'Black', 1, 89.99, 0, 'No discount', 19),
 (20, 3, 18, 'L', 'Grey', 1, 49.99, 0, 'No discount', 19),
 (20, 4, 18, 'XL', 'Grey', 1, 49.99, 20, 'Seasonal Sale', 19),
 (20, 5, 36, 'L', 'Blue', 2, 25.98, 0, 'No discount', 19),
 (20, 6, 38, 'M', 'Black', 1, 29.99, 0, 'No discount', 19),
 (20, 7, 32, 'XL', 'Grey', 2, 79.98, 0, 'No discount', 19),
 (20, 8, 45, 'M', 'Black', 1, 89.99, 0, 'No discount', 19),
 (20, 9, 78, 'M', 'Black', 1, 14.99, 10, 'Holiday Sale', 19),
 (20, 10, 53, 'L', 'White', 1, 39.99, 0, 'No discount', 19),
 (21, 1, 4, 'XL', 'Grey', 1, 199.99, 0, 'No discount', 19),
 (22, 1, 24, 'XL', 'Blue', 1, 119.99, 0, 'No discount', 19),
 (23, 1, 92, 'M', 'Black', 1, 109.99, 0, 'No discount', 19),
 (23, 2, 55, 'XL', 'Red', 1, 149.99, 0, 'No discount', 19),
 (23, 3, 96, 'M', 'Green', 1, 24.99, 0, 'No discount', 19),
 (24, 1, 24, 'L', 'White', 1, 119.99, 0, 'No discount', 19),
 (24, 2, 35, 'M', 'Black', 4, 439.96, 0, 'No discount', 19),
 (24, 3, 94, 'M', 'Beige', 2, 119.98, 0, 'No discount', 19),
 (24, 4, 32, 'M', 'Grey', 1, 39.99, 25, 'Seasonal Sale', 19),
 (24, 5, 71, 'M', 'Black', 1, 29.99, 0, 'No discount', 19),
 (25, 1, 65, 'M', 'White', 2, 49.98, 5, 'Holiday Sale', 19),
 (25, 2, 7, 'M', 'Red', 2, 299.98, 0, 'No discount', 19),
 (26, 1, 77, 'S', 'White', 1, 12.99, 0, 'No discount', 19),
 (26, 2, 82, 'XL', 'Black', 1, 249.99, 0, 'No discount', 19),
 (27, 1, 67, 'M', 'White', 1, 129.99, 0, 'No discount', 19),
 (27, 2, 91, 'M', 'Grey', 1, 89.99, 0, 'No discount', 19),
 (28, 1, 74, 'S', 'Green', 2, 299.98, 0, 'No discount', 19),
 (28, 2, 69, 'S', 'Blue', 1, 69.99, 0, 'No discount', 19),
 (28, 3, 34, 'M', 'White', 1, 69.99, 0, 'No discount', 19),
 (28, 4, 96, 'S', 'Green', 2, 49.98, 5, 'Seasonal Sale', 19),
 (28, 5, 2, 'XL', 'Red', 1, 19.99, 0, 'No discount', 19),
 (28, 6, 93, 'XL', 'Black', 2, 79.98, 0, 'No discount', 19),
 (28, 7, 42, 'L', 'White', 4, 999.96, 10, 'End of Season Clearance', 19),
 (29, 1, 73, 'XL', 'Black', 1, 179.99, 0, 'No discount', 19),
 (29, 2, 96, 'S', 'Green', 1, 24.99, 15, 'Customer Loyalty', 19),
 (30, 1, 89, 'S', 'White', 2, 49.98, 0, 'No discount', 19),
 (30, 2, 15, 'L', 'Blue', 1, 229.99, 0, 'No discount', 19),
 (30, 3, 90, 'L', 'Green', 2, 139.98, 0, 'No discount', 19),
 (31, 1, 70, 'M', 'Grey', 2, 199.98, 10, 'Customer Loyalty', 19),
 (31, 2, 97, 'XL', 'Navy Blue', 1, 79.99, 10, 'Customer Loyalty', 19),
 (31, 3, 4, 'L', 'Grey', 1, 199.99, 0, 'No discount', 19),
 (31, 4, 71, 'M', 'Grey', 1, 29.99, 3, 'Customer Loyalty', 19),
 (31, 5, 62, 'S', 'White', 1, 79.99, 0, 'No discount', 19),
 (32, 1, 32, 'S', 'White', 1, 39.99, 0, 'No discount', 19),
 (33, 1, 40, 'L', 'White', 1, 119.99, 0, 'No discount', 19),
 (34, 1, 29, 'M', 'Black', 1, 799.99, 30, 'Customer Loyalty', 19),
 (34, 2, 18, 'M', 'Black', 1, 49.99, 10, 'Holiday Sale', 19),
 (34, 3, 94, 'S', 'Beige', 1, 59.99, 0, 'No discount', 19),
 (34, 4, 17, 'S', 'Red', 1, 59.99, 5, 'End of Season Clearance', 19),
 (34, 5, 22, 'M', 'White', 1, 29.99, 5, 'Customer Loyalty', 19),
 (35, 1, 35, 'M', 'Black', 2, 219.98, 3, 'Holiday Sale', 19),
 (35, 2, 94, 'S', 'Beige', 1, 59.99, 0, 'No discount', 19),
 (35, 3, 56, 'M', 'Black', 1, 29.99, 0, 'No discount', 19),
 (35, 4, 78, 'L', 'Grey', 2, 29.98, 0, 'No discount', 19),
 (35, 5, 91, 'S', 'Black', 1, 89.99, 0, 'No discount', 19),
 (35, 6, 49, 'XL', 'White', 2, 199.98, 0, 'No discount', 19),
 (35, 7, 37, 'S', 'White', 1, 79.99, 0, 'No discount', 19),
 (35, 8, 38, 'S', 'Black', 1, 29.99, 5, 'Seasonal Sale', 19),
 (35, 9, 51, 'S', 'Navy Blue', 1, 49.99, 3, 'End of Season Clearance', 19),
 (36, 1, 22, 'M', 'Black', 2, 59.98, 0, 'No discount', 19),
 (36, 2, 35, 'L', 'Black', 2, 219.98, 0, 'No discount', 19),
 (36, 3, 30, 'XL', 'Green', 1, 49.99, 20, 'Customer Loyalty', 19),
 (36, 4, 59, 'L', 'Black', 1, 29.99, 0, 'No discount', 19),
 (36, 5, 43, 'M', 'Black', 4, 799.96, 10, 'End of Season Clearance', 19),
 (37, 1, 5, 'S', 'Light Blue', 1, 39.99, 0, 'No discount', 19),
 (37, 2, 24, 'XL', 'Black', 1, 119.99, 30, 'Seasonal Sale', 19),
 (38, 1, 23, 'L', 'Grey', 2, 19.98, 10, 'Seasonal Sale', 19),
 (38, 2, 44, 'L', 'White', 1, 49.99, 3, 'End of Season Clearance', 19),
 (38, 3, 18, 'XL', 'Grey', 1, 49.99, 10, 'End of Season Clearance', 19),
 (38, 4, 28, 'L', 'Grey', 1, 89.99, 0, 'No discount', 19),
 (38, 5, 5, 'XL', 'White', 2, 79.98, 0, 'No discount', 19),
 (38, 6, 76, 'L', 'White', 1, 99.99, 10, 'Seasonal Sale', 19),
 (38, 7, 32, 'L', 'Grey', 2, 79.98, 10, 'End of Season Clearance', 19),
 (38, 8, 99, 'S', 'Black', 1, 12.99, 0, 'No discount', 19),
 (39, 1, 62, 'XL', 'White', 1, 79.99, 5, 'End of Season Clearance', 19),
 (39, 2, 90, 'L', 'Green', 2, 139.98, 0, 'No discount', 19),
 (39, 3, 93, 'XL', 'Black', 2, 79.98, 10, 'Customer Loyalty', 19),
 (39, 4, 91, 'L', 'Black', 2, 179.98, 0, 'No discount', 19),
 (39, 5, 14, 'S', 'Blue', 1, 109.99, 0, 'No discount', 19),
 (39, 6, 4, 'M', 'Grey', 1, 199.99, 0, 'No discount', 19),
 (40, 1, 87, 'XL', 'Grey', 2, 79.98, 25, 'Holiday Sale', 19),
 (40, 2, 69, 'S', 'Blue', 1, 69.99, 0, 'No discount', 19),
 (40, 3, 51, 'L', 'Navy Blue', 1, 49.99, 5, 'End of Season Clearance', 19),
 (40, 4, 65, 'M', 'White', 1, 24.99, 0, 'No discount', 19),
 (40, 5, 61, 'M', 'White', 1, 69.99, 0, 'No discount', 19),
 (40, 6, 47, 'M', 'White', 1, 7.99, 3, 'Seasonal Sale', 19),
 (41, 1, 52, 'L', 'Black', 1, 199.99, 0, 'No discount', 19),
 (41, 2, 34, 'L', 'Navy', 2, 139.98, 0, 'No discount', 19),
 (41, 3, 78, 'M', 'Black', 1, 14.99, 0, 'No discount', 19),
 (41, 4, 6, 'XL', 'Black', 1, 9.99, 5, 'End of Season Clearance', 19),
 (41, 5, 93, 'L', 'Grey', 1, 39.99, 10, 'End of Season Clearance', 19),
 (41, 6, 59, 'L', 'Black', 1, 29.99, 0, 'No discount', 19),
 (41, 7, 9, 'L', 'Beige', 2, 159.98, 10, 'Customer Loyalty', 19),
 (41, 8, 58, 'S', 'Red', 1, 149.99, 0, 'No discount', 19),
 (42, 1, 37, 'L', 'White', 1, 79.99, 50, 'Customer Loyalty', 19),
 (42, 2, 5, 'S', 'Light Blue', 1, 39.99, 3, 'Holiday Sale', 19),
 (43, 1, 34, 'L', 'Blue', 1, 69.99, 0, 'No discount', 19),
 (44, 1, 50, 'S', 'Red', 1, 19.99, 0, 'No discount', 19),
 (44, 2, 45, 'L', 'Black', 2, 179.98, 0, 'No discount', 19),
 (44, 3, 98, 'M', 'Black', 3, 149.97, 0, 'No discount', 19),
 (44, 4, 75, 'L', 'Blue', 2, 79.98, 0, 'No discount', 19),
 (45, 1, 28, 'M', 'Red', 5, 449.95, 0, 'No discount', 19),
 (45, 2, 76, 'S', 'White', 1, 99.99, 0, 'No discount', 19),
 (45, 3, 82, 'S', 'Black', 3, 749.97, 0, 'No discount', 19),
 (45, 4, 11, 'S', 'White', 1, 15.99, 25, 'Seasonal Sale', 19),
 (46, 1, 73, 'L', 'White', 1, 179.99, 0, 'No discount', 19),
 (47, 1, 100, 'S', 'Red', 1, 199.99, 0, 'No discount', 19),
 (47, 2, 6, 'M', 'Black', 2, 19.98, 0, 'No discount', 19),
 (48, 1, 27, 'S', 'Black', 2, 1199.98, 0, 'No discount', 19),
 (48, 2, 1, 'XL', 'White', 3, 299.97, 0, 'No discount', 19),
 (48, 3, 33, 'M', 'Green', 1, 69.99, 0, 'No discount', 19),
 (48, 4, 45, 'L', 'Black', 1, 89.99, 0, 'No discount', 19),
 (48, 5, 23, 'XL', 'Grey', 1, 9.99, 5, 'Customer Loyalty', 19),
 (48, 6, 58, 'XL', 'Red', 1, 149.99, 3, 'Holiday Sale', 19),
 (48, 7, 89, 'M', 'White', 1, 24.99, 0, 'No discount', 19),
 (49, 1, 83, 'M', 'Black', 1, 129.99, 15, 'End of Season Clearance', 19),
 (49, 2, 71, 'L', 'Grey', 1, 29.99, 0, 'No discount', 19),
 (49, 3, 7, 'L', 'Red', 1, 149.99, 5, 'Seasonal Sale', 19),
 (49, 4, 81, 'L', 'Black', 1, 49.99, 25, 'End of Season Clearance', 19),
 (49, 5, 68, 'M', 'Black', 4, 279.96, 0, 'No discount', 19),
 (50, 1, 27, 'S', 'Black', 1, 599.99, 0, 'No discount', 19),
 (51, 1, 84, 'L', 'White', 1, 119.99, 0, 'No discount', 19),
 (51, 2, 99, 'M', 'White', 1, 12.99, 0, 'No discount', 19),
 (51, 3, 97, 'M', 'Navy Blue', 1, 79.99, 0, 'No discount', 19),
 (52, 1, 92, 'XL', 'White', 5, 549.95, 0, 'No discount', 19),
 (53, 1, 3, 'XL', 'Navy', 2, 99.98, 0, 'No discount', 19),
 (54, 1, 84, 'M', 'White', 1, 119.99, 0, 'No discount', 19),
 (55, 1, 100, 'L', 'Red', 3, 599.97, 0, 'No discount', 19),
 (55, 2, 14, 'L', 'Grey', 1, 109.99, 0, 'No discount', 19),
 (55, 3, 4, 'M', 'Black', 1, 199.99, 3, 'End of Season Clearance', 19),
 (56, 1, 58, 'S', 'White', 1, 149.99, 0, 'No discount', 19),
 (56, 2, 48, 'S', 'Blue', 1, 6.99, 0, 'No discount', 19),
 (56, 3, 58, 'M', 'White', 1, 149.99, 0, 'No discount', 19),
 (56, 4, 38, 'L', 'Black', 1, 29.99, 0, 'No discount', 19),
 (57, 1, 46, 'S', 'White', 1, 59.99, 0, 'No discount', 19),
 (57, 2, 48, 'S', 'Blue', 1, 6.99, 0, 'No discount', 19),
 (57, 3, 28, 'XL', 'Red', 4, 359.96, 15, 'Holiday Sale', 19),
 (57, 4, 55, 'S', 'White', 1, 149.99, 0, 'No discount', 19),
 (58, 1, 80, 'XL', 'Black', 1, 79.99, 0, 'No discount', 19),
 (58, 2, 22, 'M', 'Black', 1, 29.99, 0, 'No discount', 19),
 (58, 3, 95, 'XL', 'Red', 1, 119.99, 5, 'Customer Loyalty', 19),
 (58, 4, 86, 'S', 'White', 1, 99.99, 5, 'Customer Loyalty', 19),
 (59, 1, 22, 'L', 'Black', 1, 29.99, 0, 'No discount', 19),
 (59, 2, 86, 'L', 'Black', 1, 99.99, 0, 'No discount', 19),
 (60, 1, 87, 'L', 'White', 1, 39.99, 0, 'No discount', 19),
 (60, 2, 63, 'L', 'Grey', 4, 199.96, 3, 'Seasonal Sale', 19),
 (60, 3, 26, 'M', 'Grey', 3, 149.97, 0, 'No discount', 19),
 (60, 4, 90, 'XL', 'Green', 1, 69.99, 0, 'No discount', 19),
 (60, 5, 65, 'XL', 'White', 1, 24.99, 0, 'No discount', 19),
 (60, 6, 85, 'XL', 'Blue', 1, 34.99, 0, 'No discount', 19),
 (60, 7, 41, 'L', 'Grey', 1, 59.99, 0, 'No discount', 19),
 (61, 1, 33, 'L', 'Brown', 1, 69.99, 5, 'Customer Loyalty', 19),
 (61, 2, 6, 'L', 'Black', 2, 19.98, 5, 'Customer Loyalty', 19),
 (61, 3, 93, 'M', 'Grey', 1, 39.99, 3, 'End of Season Clearance', 19),
 (61, 4, 8, 'XL', 'Grey', 1, 29.99, 0, 'No discount', 19),
 (61, 5, 57, 'S', 'Beige', 1, 79.99, 0, 'No discount', 19),
 (61, 6, 5, 'XL', 'White', 1, 39.99, 0, 'No discount', 19),
 (62, 1, 79, 'M', 'Blue', 1, 49.99, 0, 'No discount', 19),
 (62, 2, 1, 'S', 'White', 1, 99.99, 0, 'No discount', 19),
 (62, 3, 91, 'L', 'Black', 5, 449.95, 0, 'No discount', 19),
 (62, 4, 32, 'L', 'White', 1, 39.99, 3, 'Holiday Sale', 19),
 (62, 5, 55, 'L', 'White', 1, 149.99, 5, 'Seasonal Sale', 19),
 (62, 6, 59, 'S', 'Black', 1, 29.99, 3, 'Seasonal Sale', 19),
 (63, 1, 23, 'S', 'Grey', 1, 9.99, 0, 'No discount', 19),
 (63, 2, 75, 'L', 'Blue', 1, 39.99, 0, 'No discount', 19),
 (63, 3, 30, 'XL', 'White', 1, 49.99, 0, 'No discount', 19),
 (63, 4, 49, 'M', 'White', 1, 99.99, 0, 'No discount', 19),
 (63, 5, 14, 'S', 'Grey', 1, 109.99, 25, 'Seasonal Sale', 19),
 (63, 6, 87, 'XL', 'White', 1, 39.99, 0, 'No discount', 19),
 (64, 1, 47, 'S', 'White', 1, 7.99, 5, 'Seasonal Sale', 19),
 (64, 2, 17, 'XL', 'White', 1, 59.99, 0, 'No discount', 19),
 (65, 1, 65, 'S', 'White', 1, 24.99, 10, 'Seasonal Sale', 19),
 (65, 2, 95, 'L', 'White', 1, 119.99, 0, 'No discount', 19),
 (65, 3, 56, 'S', 'Grey', 1, 29.99, 3, 'Holiday Sale', 19),
 (65, 4, 37, 'M', 'Green', 1, 79.99, 5, 'Holiday Sale', 19),
 (65, 5, 22, 'S', 'Black', 1, 29.99, 0, 'No discount', 19),
 (66, 1, 99, 'M', 'Black', 3, 38.97, 8, 'Customer Loyalty', 19),
 (66, 2, 69, 'S', 'Blue', 1, 69.99, 0, 'No discount', 19),
 (67, 1, 61, 'L', 'Red', 1, 69.99, 10, 'Holiday Sale', 19),
 (67, 2, 90, 'S', 'Green', 4, 279.96, 0, 'No discount', 19),
 (67, 3, 61, 'L', 'Red', 1, 69.99, 25, 'Seasonal Sale', 19),
 (67, 4, 84, 'XL', 'White', 2, 239.98, 0, 'No discount', 19),
 (67, 5, 83, 'M', 'Black', 2, 259.98, 0, 'No discount', 19),
 (67, 6, 28, 'M', 'Red', 2, 179.98, 0, 'No discount', 19),
 (67, 7, 83, 'M', 'Black', 1, 129.99, 0, 'No discount', 19),
 (67, 8, 91, 'XL', 'Grey', 1, 89.99, 15, 'End of Season Clearance', 19),
 (67, 9, 81, 'XL', 'Black', 1, 49.99, 0, 'No discount', 19),
 (67, 10, 63, 'M', 'Black', 3, 149.97, 0, 'No discount', 19),
 (67, 11, 21, 'M', 'Blue', 1, 129.99, 0, 'No discount', 19),
 (68, 1, 2, 'S', 'Red', 1, 19.99, 10, 'End of Season Clearance', 19),
 (69, 1, 73, 'L', 'White', 2, 359.98, 0, 'No discount', 19),
 (69, 2, 25, 'L', 'Red', 1, 189.99, 0, 'No discount', 19),
 (69, 3, 3, 'L', 'Navy', 2, 99.98, 30, 'Holiday Sale', 19),
 (70, 1, 82, 'XL', 'Red', 2, 499.98, 0, 'No discount', 19),
 (71, 1, 67, 'L', 'Blue', 2, 259.98, 0, 'No discount', 19),
 (71, 2, 26, 'L', 'Grey', 1, 49.99, 0, 'No discount', 19),
 (71, 3, 60, 'S', 'Grey', 3, 569.97, 0, 'No discount', 19),
 (72, 1, 43, 'L', 'White', 5, 999.95, 0, 'No discount', 19),
 (72, 2, 92, 'L', 'Black', 1, 109.99, 5, 'Holiday Sale', 19),
 (72, 3, 35, 'M', 'Black', 1, 109.99, 0, 'No discount', 19),
 (72, 4, 38, 'XL', 'Black', 1, 29.99, 5, 'Seasonal Sale', 19),
 (73, 1, 85, 'L', 'White', 1, 34.99, 25, 'Customer Loyalty', 19),
 (74, 1, 54, 'L', 'Black', 3, 29.97, 0, 'No discount', 19),
 (74, 2, 36, 'XL', 'Blue', 1, 12.99, 3, 'Customer Loyalty', 19),
 (75, 1, 36, 'M', 'Blue', 3, 38.97, 5, 'Seasonal Sale', 19),
 (75, 2, 4, 'XL', 'Grey', 1, 199.99, 0, 'No discount', 19),
 (75, 3, 5, 'M', 'White', 1, 39.99, 0, 'No discount', 19),
 (75, 4, 99, 'L', 'Black', 1, 12.99, 0, 'No discount', 19),
 (75, 5, 76, 'S', 'Red', 1, 99.99, 0, 'No discount', 19),
 (76, 1, 23, 'S', 'Grey', 2, 19.98, 0, 'No discount', 19),
 (76, 2, 65, 'L', 'White', 1, 24.99, 50, 'Holiday Sale', 19),
 (77, 1, 68, 'L', 'Black', 1, 69.99, 0, 'No discount', 19),
 (77, 2, 90, 'S', 'Green', 1, 69.99, 0, 'No discount', 19),
 (77, 3, 8, 'L', 'Grey', 1, 29.99, 0, 'No discount', 19),
 (78, 1, 54, 'S', 'Black', 1, 9.99, 0, 'No discount', 19),
 (78, 2, 96, 'XL', 'Green', 1, 24.99, 0, 'No discount', 19),
 (78, 3, 53, 'M', 'Light Blue', 1, 39.99, 0, 'No discount', 19),
 (78, 4, 27, 'S', 'Black', 4, 2399.96, 0, 'No discount', 19),
 (78, 5, 59, 'M', 'Black', 1, 29.99, 5, 'Customer Loyalty', 19),
 (78, 6, 61, 'S', 'White', 4, 279.96, 10, 'Seasonal Sale', 19),
 (78, 7, 47, 'L', 'White', 1, 7.99, 0, 'No discount', 19),
 (78, 8, 15, 'XL', 'Blue', 1, 229.99, 0, 'No discount', 19),
 (78, 9, 95, 'M', 'Red', 1, 119.99, 5, 'Holiday Sale', 19),
 (78, 10, 17, 'XL', 'White', 1, 59.99, 3, 'End of Season Clearance', 19),
 (78, 11, 52, 'M', 'Grey', 2, 399.98, 25, 'Customer Loyalty', 19),
 (78, 12, 70, 'S', 'Grey', 1, 99.99, 0, 'No discount', 19),
 (79, 1, 24, 'M', 'Blue', 1, 119.99, 0, 'No discount', 19),
 (80, 1, 24, 'L', 'Blue', 2, 239.98, 0, 'No discount', 19),
 (80, 2, 8, 'S', 'Black', 2, 59.98, 0, 'No discount', 19),
 (80, 3, 43, 'S', 'White', 1, 199.99, 0, 'No discount', 19),
 (80, 4, 56, 'M', 'Grey', 1, 29.99, 0, 'No discount', 19),
 (81, 1, 51, 'XL', 'Navy Blue', 2, 99.98, 0, 'No discount', 19),
 (81, 2, 37, 'L', 'White', 1, 79.99, 0, 'No discount', 19),
 (81, 3, 92, 'M', 'Black', 1, 109.99, 0, 'No discount', 19),
 (81, 4, 68, 'S', 'Black', 2, 139.98, 0, 'No discount', 19),
 (82, 1, 81, 'L', 'Black', 1, 49.99, 0, 'No discount', 19),
 (83, 1, 91, 'XL', 'Grey', 2, 179.98, 0, 'No discount', 19),
 (83, 2, 52, 'M', 'Black', 2, 399.98, 5, 'Holiday Sale', 19),
 (83, 3, 71, 'S', 'Black', 1, 29.99, 30, 'Seasonal Sale', 19),
 (84, 1, 65, 'L', 'White', 1, 24.99, 0, 'No discount', 19),
 (84, 2, 9, 'XL', 'Brown', 1, 79.99, 0, 'No discount', 19),
 (84, 3, 69, 'M', 'Blue', 3, 209.97, 0, 'No discount', 19),
 (84, 4, 58, 'L', 'White', 4, 599.96, 0, 'No discount', 19),
 (85, 1, 28, 'XL', 'Red', 1, 89.99, 5, 'Holiday Sale', 19),
 (85, 2, 29, 'L', 'Black', 1, 799.99, 0, 'No discount', 19),
 (85, 3, 66, 'XL', 'Black', 1, 59.99, 3, 'Holiday Sale', 19),
 (85, 4, 71, 'L', 'Grey', 1, 29.99, 5, 'Customer Loyalty', 19),
 (85, 5, 28, 'L', 'Grey', 1, 89.99, 0, 'No discount', 19),
 (85, 6, 52, 'M', 'Black', 1, 199.99, 30, 'Holiday Sale', 19),
 (85, 7, 50, 'XL', 'Red', 1, 19.99, 5, 'Holiday Sale', 19),
 (85, 8, 12, 'M', 'Beige', 1, 29.99, 0, 'No discount', 19),
 (85, 9, 39, 'XL', 'Red', 1, 39.99, 3, 'End of Season Clearance', 19),
 (85, 10, 86, 'M', 'Black', 1, 99.99, 0, 'No discount', 19),
 (85, 11, 60, 'S', 'Grey', 1, 189.99, 0, 'No discount', 19),
 (86, 1, 100, 'S', 'Red', 2, 399.98, 0, 'No discount', 19),
 (86, 2, 69, 'XL', 'Blue', 1, 69.99, 5, 'Customer Loyalty', 19),
 (86, 3, 42, 'XL', 'Blue', 1, 249.99, 10, 'Seasonal Sale', 19),
 (87, 1, 47, 'S', 'White', 3, 23.97, 3, 'Seasonal Sale', 19),
 (87, 2, 81, 'XL', 'Grey', 1, 49.99, 5, 'Holiday Sale', 19),
 (87, 3, 27, 'S', 'Black', 1, 599.99, 3, 'Holiday Sale', 19),
 (87, 4, 94, 'M', 'Beige', 1, 59.99, 5, 'Customer Loyalty', 19),
 (87, 5, 46, 'M', 'White', 2, 119.98, 5, 'Customer Loyalty', 19),
 (87, 6, 76, 'S', 'Red', 1, 99.99, 5, 'Seasonal Sale', 19),
 (87, 7, 91, 'M', 'Black', 2, 179.98, 25, 'End of Season Clearance', 19),
 (87, 8, 40, 'M', 'Red', 3, 359.97, 0, 'No discount', 19),
 (88, 1, 40, 'L', 'Black', 1, 119.99, 0, 'No discount', 19),
 (88, 2, 39, 'M', 'Red', 1, 39.99, 0, 'No discount', 19),
 (89, 1, 60, 'L', 'White', 1, 189.99, 3, 'Customer Loyalty', 19),
 (89, 2, 40, 'L', 'Black', 1, 119.99, 0, 'No discount', 19),
 (89, 3, 2, 'XL', 'Red', 1, 19.99, 0, 'No discount', 19),
 (90, 1, 92, 'S', 'White', 1, 109.99, 10, 'End of Season Clearance', 19),
 (91, 1, 7, 'M', 'White', 1, 149.99, 0, 'No discount', 19),
 (91, 2, 93, 'L', 'Grey', 2, 79.98, 0, 'No discount', 19),
 (91, 3, 54, 'XL', 'Black', 2, 19.98, 0, 'No discount', 19),
 (91, 4, 83, 'L', 'Black', 3, 389.97, 20, 'Holiday Sale', 19),
 (91, 5, 12, 'M', 'Beige', 1, 29.99, 8, 'End of Season Clearance', 19),
 (92, 1, 21, 'XL', 'Blue', 2, 259.98, 0, 'No discount', 19),
 (92, 2, 77, 'XL', 'White', 1, 12.99, 0, 'No discount', 19),
 (92, 3, 36, 'M', 'Blue', 1, 12.99, 10, 'End of Season Clearance', 19),
 (92, 4, 99, 'S', 'White', 1, 12.99, 5, 'Seasonal Sale', 19),
 (93, 1, 41, 'M', 'Grey', 1, 59.99, 10, 'End of Season Clearance', 19),
 (93, 2, 56, 'L', 'Black', 1, 29.99, 0, 'No discount', 19),
 (94, 1, 84, 'S', 'White', 1, 119.99, 0, 'No discount', 19),
 (95, 1, 44, 'XL', 'Blue', 2, 99.98, 0, 'No discount', 19),
 (95, 2, 78, 'M', 'Grey', 1, 14.99, 5, 'Seasonal Sale', 19),
 (95, 3, 1, 'L', 'Black', 2, 199.98, 0, 'No discount', 19),
 (95, 4, 8, 'L', 'Black', 1, 29.99, 0, 'No discount', 19),
 (96, 1, 95, 'L', 'White', 2, 239.98, 0, 'No discount', 19),
 (97, 1, 94, 'XL', 'Beige', 2, 119.98, 5, 'Holiday Sale', 19),
 (98, 1, 13, 'L', 'Red', 1, 69.99, 15, 'Holiday Sale', 19),
 (98, 2, 55, 'S', 'White', 1, 149.99, 0, 'No discount', 19),
 (98, 3, 22, 'M', 'White', 2, 59.98, 0, 'No discount', 19),
 (98, 4, 84, 'S', 'White', 1, 119.99, 8, 'End of Season Clearance', 19),
 (98, 5, 29, 'L', 'Gold', 1, 799.99, 0, 'No discount', 19),
 (98, 6, 33, 'XL', 'Brown', 1, 69.99, 0, 'No discount', 19),
 (99, 1, 84, 'M', 'White', 1, 119.99, 5, 'Holiday Sale', 19),
 (99, 2, 53, 'L', 'Light Blue', 1, 39.99, 0, 'No discount', 19),
 (99, 3, 30, 'S', 'Green', 1, 49.99, 0, 'No discount', 19),
 (99, 4, 84, 'S', 'White', 1, 119.99, 0, 'No discount', 19),
 (100, 1, 79, 'S', 'Blue', 1, 49.99, 0, 'No discount', 19),
 (100, 2, 39, 'M', 'White', 1, 39.99, 0, 'No discount', 19),
 (100, 3, 27, 'M', 'Black', 1, 599.99, 0, 'No discount', 19),
 (101, 1, 36, 'L', 'Blue', 1, 12.99, 0, 'No discount', 19),
 (102, 1, 90, 'L', 'Green', 1, 69.99, 0, 'No discount', 19),
 (103, 1, 10, 'S', 'Blue', 1, 149.99, 8, 'Seasonal Sale', 19),
 (104, 1, 96, 'XL', 'Green', 5, 124.95, 0, 'No discount', 19),
 (105, 1, 77, 'XL', 'White', 2, 25.98, 0, 'No discount', 19),
 (105, 2, 24, 'S', 'Blue', 1, 119.99, 0, 'No discount', 19),
 (105, 3, 91, 'XL', 'Grey', 1, 89.99, 0, 'No discount', 19),
 (106, 1, 16, 'M', 'Black', 1, 39.99, 0, 'No discount', 19),
 (106, 2, 63, 'S', 'Black', 1, 49.99, 10, 'Holiday Sale', 19),
 (107, 1, 75, 'XL', 'Blue', 1, 39.99, 0, 'No discount', 19),
 (108, 1, 77, 'S', 'White', 1, 12.99, 5, 'Customer Loyalty', 19),
 (108, 2, 14, 'XL', 'Blue', 3, 329.97, 0, 'No discount', 19),
 (108, 3, 30, 'L', 'White', 1, 49.99, 5, 'Customer Loyalty', 19),
 (108, 4, 80, 'L', 'Black', 1, 79.99, 0, 'No discount', 19),
 (108, 5, 19, 'XL', 'Green', 1, 79.99, 0, 'No discount', 19),
 (109, 1, 62, 'L', 'Black', 2, 159.98, 30, 'Customer Loyalty', 19),
 (109, 2, 82, 'XL', 'Black', 1, 249.99, 0, 'No discount', 19),
 (110, 1, 87, 'L', 'Grey', 1, 39.99, 5, 'Customer Loyalty', 19),
 (110, 2, 37, 'L', 'White', 1, 79.99, 0, 'No discount', 19),
 (110, 3, 38, 'M', 'Black', 2, 59.98, 0, 'No discount', 19),
 (110, 4, 87, 'XL', 'Grey', 1, 39.99, 0, 'No discount', 19),
 (110, 5, 61, 'M', 'White', 1, 69.99, 5, 'Seasonal Sale', 19),
 (111, 1, 24, 'XL', 'Black', 2, 239.98, 0, 'No discount', 19),
 (111, 2, 40, 'M', 'White', 3, 359.97, 0, 'No discount', 19),
 (112, 1, 64, 'M', 'Brown', 1, 119.99, 0, 'No discount', 19),
 (112, 2, 19, 'XL', 'Green', 1, 79.99, 8, 'End of Season Clearance', 19),
 (113, 1, 87, 'XL', 'Grey', 2, 79.98, 0, 'No discount', 19),
 (113, 2, 49, 'L', 'Black', 2, 199.98, 0, 'No discount', 19),
 (114, 1, 42, 'XL', 'Blue', 1, 249.99, 0, 'No discount', 19),
 (115, 1, 35, 'S', 'Blue', 1, 109.99, 0, 'No discount', 19),
 (116, 1, 22, 'L', 'White', 1, 29.99, 0, 'No discount', 19),
 (117, 1, 12, 'S', 'Beige', 2, 59.98, 0, 'No discount', 19),
 (117, 2, 84, 'L', 'White', 1, 119.99, 5, 'End of Season Clearance', 19),
 (118, 1, 3, 'XL', 'Navy', 1, 49.99, 20, 'Holiday Sale', 19),
 (119, 1, 7, 'L', 'White', 1, 149.99, 0, 'No discount', 19),
 (119, 2, 45, 'M', 'Black', 1, 89.99, 0, 'No discount', 19),
 (119, 3, 9, 'M', 'Beige', 1, 79.99, 0, 'No discount', 19),
 (120, 1, 15, 'M', 'Blue', 2, 459.98, 5, 'Holiday Sale', 19),
 (121, 1, 9, 'S', 'Beige', 1, 79.99, 25, 'Holiday Sale', 19),
 (122, 1, 14, 'M', 'Blue', 1, 109.99, 10, 'End of Season Clearance', 19),
 (122, 2, 41, 'S', 'Grey', 1, 59.99, 0, 'No discount', 19),
 (122, 3, 60, 'L', 'Grey', 3, 569.97, 0, 'No discount', 19),
 (122, 4, 23, 'L', 'Grey', 3, 29.97, 0, 'No discount', 19),
 (122, 5, 44, 'L', 'Blue', 1, 49.99, 25, 'Holiday Sale', 19),
 (122, 6, 57, 'S', 'Brown', 1, 79.99, 0, 'No discount', 19),
 (122, 7, 46, 'S', 'White', 3, 179.97, 0, 'No discount', 19),
 (122, 8, 100, 'XL', 'Red', 3, 599.97, 0, 'No discount', 19),
 (122, 9, 25, 'S', 'Grey', 4, 759.96, 0, 'No discount', 19),
 (123, 1, 75, 'L', 'Blue', 1, 39.99, 3, 'Holiday Sale', 19),
 (124, 1, 95, 'M', 'Red', 2, 239.98, 25, 'Customer Loyalty', 19),
 (124, 2, 50, 'M', 'Red', 1, 19.99, 0, 'No discount', 19),
 (124, 3, 71, 'XL', 'Black', 1, 29.99, 5, 'Customer Loyalty', 19),
 (125, 1, 35, 'S', 'Blue', 1, 109.99, 0, 'No discount', 19),
 (125, 2, 55, 'S', 'White', 3, 449.97, 0, 'No discount', 19),
 (125, 3, 41, 'S', 'Grey', 1, 59.99, 0, 'No discount', 19),
 (125, 4, 11, 'XL', 'White', 1, 15.99, 0, 'No discount', 19),
 (125, 5, 32, 'XL', 'White', 2, 79.98, 0, 'No discount', 19),
 (126, 1, 41, 'XL', 'Grey', 1, 59.99, 0, 'No discount', 19),
 (126, 2, 47, 'M', 'White', 1, 7.99, 0, 'No discount', 19),
 (126, 3, 11, 'XL', 'White', 1, 15.99, 5, 'End of Season Clearance', 19),
 (126, 4, 1, 'XL', 'White', 1, 99.99, 0, 'No discount', 19),
 (127, 1, 11, 'L', 'White', 1, 15.99, 0, 'No discount', 19),
 (127, 2, 45, 'S', 'White', 2, 179.98, 0, 'No discount', 19),
 (127, 3, 71, 'XL', 'Grey', 2, 59.98, 8, 'Holiday Sale', 19),
 (128, 1, 2, 'XL', 'Red', 1, 19.99, 0, 'No discount', 19),
 (128, 2, 18, 'XL', 'Grey', 1, 49.99, 0, 'No discount', 19),
 (128, 3, 21, 'XL', 'Blue', 1, 129.99, 0, 'No discount', 19),
 (129, 1, 55, 'S', 'Red', 1, 149.99, 0, 'No discount', 19),
 (130, 1, 57, 'S', 'Brown', 2, 159.98, 0, 'No discount', 19),
 (130, 2, 33, 'XL', 'Green', 2, 139.98, 0, 'No discount', 19),
 (130, 3, 59, 'S', 'Black', 1, 29.99, 0, 'No discount', 19),
 (130, 4, 50, 'S', 'Red', 1, 19.99, 0, 'No discount', 19),
 (131, 1, 33, 'L', 'Green', 1, 69.99, 0, 'No discount', 19),
 (131, 2, 33, 'XL', 'Brown', 1, 69.99, 0, 'No discount', 19),
 (131, 3, 23, 'S', 'Grey', 1, 9.99, 25, 'Holiday Sale', 19),
 (131, 4, 70, 'XL', 'Black', 1, 99.99, 0, 'No discount', 19),
 (131, 5, 39, 'M', 'White', 1, 39.99, 0, 'No discount', 19),
 (132, 1, 43, 'S', 'Black', 1, 199.99, 0, 'No discount', 19),
 (132, 2, 60, 'S', 'Blue', 1, 189.99, 0, 'No discount', 19),
 (132, 3, 74, 'XL', 'Green', 1, 149.99, 0, 'No discount', 19),
 (132, 4, 91, 'M', 'Black', 1, 89.99, 0, 'No discount', 19),
 (133, 1, 75, 'XL', 'Blue', 1, 39.99, 0, 'No discount', 19),
 (133, 2, 93, 'S', 'Black', 1, 39.99, 0, 'No discount', 19),
 (133, 3, 9, 'L', 'Brown', 1, 79.99, 0, 'No discount', 19),
 (133, 4, 54, 'M', 'Black', 1, 9.99, 0, 'No discount', 19),
 (133, 5, 90, 'XL', 'Green', 1, 69.99, 25, 'Holiday Sale', 19),
 (133, 6, 78, 'M', 'Black', 1, 14.99, 0, 'No discount', 19),
 (133, 7, 16, 'S', 'White', 1, 39.99, 0, 'No discount', 19),
 (133, 8, 96, 'M', 'Green', 1, 24.99, 0, 'No discount', 19),
 (134, 1, 58, 'XL', 'White', 1, 149.99, 5, 'Seasonal Sale', 19),
 (134, 2, 87, 'L', 'Grey', 1, 39.99, 0, 'No discount', 19),
 (134, 3, 64, 'S', 'Brown', 1, 119.99, 3, 'Seasonal Sale', 19),
 (134, 4, 79, 'L', 'White', 1, 49.99, 0, 'No discount', 19),
 (134, 5, 51, 'L', 'Navy Blue', 3, 149.97, 25, 'Customer Loyalty', 19),
 (134, 6, 72, 'M', 'White', 1, 89.99, 0, 'No discount', 19),
 (134, 7, 92, 'XL', 'Black', 1, 109.99, 0, 'No discount', 19),
 (134, 8, 15, 'S', 'Blue', 1, 229.99, 3, 'End of Season Clearance', 19),
 (135, 1, 12, 'XL', 'Beige', 1, 29.99, 0, 'No discount', 19),
 (135, 2, 24, 'L', 'White', 1, 119.99, 0, 'No discount', 19),
 (136, 1, 27, 'M', 'Black', 1, 599.99, 0, 'No discount', 19),
 (136, 2, 74, 'S', 'Black', 2, 299.98, 0, 'No discount', 19),
 (136, 3, 30, 'XL', 'White', 1, 49.99, 0, 'No discount', 19),
 (137, 1, 80, 'M', 'Black', 1, 79.99, 0, 'No discount', 19),
 (138, 1, 65, 'S', 'White', 1, 24.99, 0, 'No discount', 19),
 (138, 2, 35, 'XL', 'Blue', 1, 109.99, 0, 'No discount', 19),
 (138, 3, 59, 'XL', 'Black', 1, 29.99, 0, 'No discount', 19),
 (138, 4, 42, 'XL', 'White', 4, 999.96, 0, 'No discount', 19),
 (139, 1, 57, 'S', 'Beige', 1, 79.99, 0, 'No discount', 19),
 (139, 2, 39, 'XL', 'Red', 3, 119.97, 0, 'No discount', 19),
 (139, 3, 15, 'M', 'Blue', 1, 229.99, 25, 'End of Season Clearance', 19),
 (140, 1, 13, 'S', 'Red', 1, 69.99, 5, 'End of Season Clearance', 19),
 (140, 2, 38, 'M', 'Black', 1, 29.99, 0, 'No discount', 19),
 (140, 3, 16, 'L', 'White', 1, 39.99, 0, 'No discount', 19),
 (140, 4, 85, 'S', 'Blue', 2, 69.98, 0, 'No discount', 19),
 (140, 5, 86, 'S', 'Black', 2, 199.98, 0, 'No discount', 19),
 (140, 6, 94, 'S', 'Beige', 1, 59.99, 0, 'No discount', 19),
 (140, 7, 21, 'XL', 'Blue', 1, 129.99, 3, 'Customer Loyalty', 19),
 (140, 8, 34, 'S', 'White', 1, 69.99, 0, 'No discount', 19),
 (140, 9, 61, 'S', 'White', 1, 69.99, 0, 'No discount', 19),
 (141, 1, 81, 'M', 'Black', 1, 49.99, 3, 'End of Season Clearance', 19),
 (141, 2, 80, 'M', 'Black', 5, 399.95, 0, 'No discount', 19),
 (142, 1, 24, 'S', 'White', 2, 239.98, 30, 'Holiday Sale', 19),
 (143, 1, 100, 'XL', 'Red', 1, 199.99, 0, 'No discount', 19),
 (143, 2, 32, 'L', 'Black', 1, 39.99, 0, 'No discount', 19),
 (143, 3, 87, 'L', 'Grey', 2, 79.98, 0, 'No discount', 19),
 (143, 4, 43, 'M', 'White', 1, 199.99, 20, 'End of Season Clearance', 19),
 (143, 5, 48, 'M', 'Blue', 4, 27.96, 5, 'End of Season Clearance', 19),
 (143, 6, 83, 'S', 'Black', 3, 389.97, 0, 'No discount', 19),
 (144, 1, 20, 'M', 'Red', 1, 15.99, 25, 'Holiday Sale', 19),
 (145, 1, 7, 'S', 'Red', 3, 449.97, 0, 'No discount', 19),
 (146, 1, 53, 'L', 'Light Blue', 1, 39.99, 0, 'No discount', 19),
 (146, 2, 89, 'S', 'White', 1, 24.99, 0, 'No discount', 19),
 (146, 3, 89, 'L', 'Black', 2, 49.98, 0, 'No discount', 19),
 (146, 4, 44, 'S', 'Navy', 3, 149.97, 0, 'No discount', 19),
 (147, 1, 48, 'L', 'Blue', 1, 6.99, 0, 'No discount', 19),
 (148, 1, 71, 'XL', 'Grey', 2, 59.98, 0, 'No discount', 19),
 (148, 2, 35, 'L', 'Black', 3, 329.97, 5, 'Customer Loyalty', 19),
 (148, 3, 76, 'XL', 'Red', 1, 99.99, 0, 'No discount', 19),
 (148, 4, 59, 'XL', 'Black', 1, 29.99, 20, 'Seasonal Sale', 19),
 (148, 5, 14, 'XL', 'Blue', 1, 109.99, 30, 'Seasonal Sale', 19),
 (149, 1, 26, 'XL', 'Blue', 2, 99.98, 0, 'No discount', 19);

